"Kod";"Nazwa";"Okresy";"Wykształcenie";"Wartość i precyzja";"Rok";"Wartosc";"Jednostka miary";"Atrybut";
0000000;"POLSKA";"1 kwartał";"wyższe";"wartość liczbowa";"2015";24,1;"%";"";
0000000;"POLSKA";"1 kwartał";"wyższe";"wartość liczbowa";"2016";24,9;"%";"";
0000000;"POLSKA";"1 kwartał";"wyższe";"wartość liczbowa";"2017";26,0;"%";"";
0000000;"POLSKA";"1 kwartał";"wyższe";"wartość liczbowa";"2018";27,1;"%";"";
0000000;"POLSKA";"1 kwartał";"wyższe";"wartość liczbowa";"2019";28,0;"%";"";
0000000;"POLSKA";"1 kwartał";"wyższe";"wartość liczbowa";"2020";29,1;"%";"";
0000000;"POLSKA";"1 kwartał";"wyższe";"wartość liczbowa";"2021";29,5;"%";"";
0000000;"POLSKA";"1 kwartał";"wyższe";"wartość liczbowa";"2022";29,3;"%";"";
0000000;"POLSKA";"1 kwartał";"wyższe";"wartość liczbowa";"2023";32,1;"%";"";
0000000;"POLSKA";"1 kwartał";"wyższe";"wartość liczbowa";"2024";33,5;"%";"";
0000000;"POLSKA";"1 kwartał";"policealne oraz średnie zawodowe/branżowe";"wartość liczbowa";"2015";24,0;"%";"";
0000000;"POLSKA";"1 kwartał";"policealne oraz średnie zawodowe/branżowe";"wartość liczbowa";"2016";24,4;"%";"";
0000000;"POLSKA";"1 kwartał";"policealne oraz średnie zawodowe/branżowe";"wartość liczbowa";"2017";24,5;"%";"";
0000000;"POLSKA";"1 kwartał";"policealne oraz średnie zawodowe/branżowe";"wartość liczbowa";"2018";23,9;"%";"";
0000000;"POLSKA";"1 kwartał";"policealne oraz średnie zawodowe/branżowe";"wartość liczbowa";"2019";23,7;"%";"";
0000000;"POLSKA";"1 kwartał";"policealne oraz średnie zawodowe/branżowe";"wartość liczbowa";"2020";23,9;"%";"";
0000000;"POLSKA";"1 kwartał";"policealne oraz średnie zawodowe/branżowe";"wartość liczbowa";"2021";24,4;"%";"";
0000000;"POLSKA";"1 kwartał";"policealne oraz średnie zawodowe/branżowe";"wartość liczbowa";"2022";24,8;"%";"";
0000000;"POLSKA";"1 kwartał";"policealne oraz średnie zawodowe/branżowe";"wartość liczbowa";"2023";23,1;"%";"";
0000000;"POLSKA";"1 kwartał";"policealne oraz średnie zawodowe/branżowe";"wartość liczbowa";"2024";22,4;"%";"";
0000000;"POLSKA";"1 kwartał";"średnie ogólnokształcące";"wartość liczbowa";"2015";10,4;"%";"";
0000000;"POLSKA";"1 kwartał";"średnie ogólnokształcące";"wartość liczbowa";"2016";10,2;"%";"";
0000000;"POLSKA";"1 kwartał";"średnie ogólnokształcące";"wartość liczbowa";"2017";10,2;"%";"";
0000000;"POLSKA";"1 kwartał";"średnie ogólnokształcące";"wartość liczbowa";"2018";10,4;"%";"";
0000000;"POLSKA";"1 kwartał";"średnie ogólnokształcące";"wartość liczbowa";"2019";10,6;"%";"";
0000000;"POLSKA";"1 kwartał";"średnie ogólnokształcące";"wartość liczbowa";"2020";10,5;"%";"";
0000000;"POLSKA";"1 kwartał";"średnie ogólnokształcące";"wartość liczbowa";"2021";10,9;"%";"";
0000000;"POLSKA";"1 kwartał";"średnie ogólnokształcące";"wartość liczbowa";"2022";10,9;"%";"";
0000000;"POLSKA";"1 kwartał";"średnie ogólnokształcące";"wartość liczbowa";"2023";12,0;"%";"";
0000000;"POLSKA";"1 kwartał";"średnie ogólnokształcące";"wartość liczbowa";"2024";12,3;"%";"";
0000000;"POLSKA";"1 kwartał";"zasadnicze zawodowe/branżowe";"wartość liczbowa";"2015";25,9;"%";"";
0000000;"POLSKA";"1 kwartał";"zasadnicze zawodowe/branżowe";"wartość liczbowa";"2016";25,8;"%";"";
0000000;"POLSKA";"1 kwartał";"zasadnicze zawodowe/branżowe";"wartość liczbowa";"2017";25,2;"%";"";
0000000;"POLSKA";"1 kwartał";"zasadnicze zawodowe/branżowe";"wartość liczbowa";"2018";24,8;"%";"";
0000000;"POLSKA";"1 kwartał";"zasadnicze zawodowe/branżowe";"wartość liczbowa";"2019";24,4;"%";"";
0000000;"POLSKA";"1 kwartał";"zasadnicze zawodowe/branżowe";"wartość liczbowa";"2020";23,5;"%";"";
0000000;"POLSKA";"1 kwartał";"zasadnicze zawodowe/branżowe";"wartość liczbowa";"2021";22,2;"%";"";
0000000;"POLSKA";"1 kwartał";"zasadnicze zawodowe/branżowe";"wartość liczbowa";"2022";21,9;"%";"";
0000000;"POLSKA";"1 kwartał";"zasadnicze zawodowe/branżowe";"wartość liczbowa";"2023";20,6;"%";"";
0000000;"POLSKA";"1 kwartał";"zasadnicze zawodowe/branżowe";"wartość liczbowa";"2024";19,6;"%";"";
0000000;"POLSKA";"1 kwartał";"gimnazjalne, podstawowe i niższe";"wartość liczbowa";"2015";15,6;"%";"";
0000000;"POLSKA";"1 kwartał";"gimnazjalne, podstawowe i niższe";"wartość liczbowa";"2016";14,7;"%";"";
0000000;"POLSKA";"1 kwartał";"gimnazjalne, podstawowe i niższe";"wartość liczbowa";"2017";14,1;"%";"";
0000000;"POLSKA";"1 kwartał";"gimnazjalne, podstawowe i niższe";"wartość liczbowa";"2018";13,9;"%";"";
0000000;"POLSKA";"1 kwartał";"gimnazjalne, podstawowe i niższe";"wartość liczbowa";"2019";13,3;"%";"";
0000000;"POLSKA";"1 kwartał";"gimnazjalne, podstawowe i niższe";"wartość liczbowa";"2020";13,0;"%";"";
0000000;"POLSKA";"1 kwartał";"gimnazjalne, podstawowe i niższe";"wartość liczbowa";"2021";12,9;"%";"";
0000000;"POLSKA";"1 kwartał";"gimnazjalne, podstawowe i niższe";"wartość liczbowa";"2022";13,1;"%";"";
0000000;"POLSKA";"1 kwartał";"gimnazjalne, podstawowe i niższe";"wartość liczbowa";"2023";12,2;"%";"";
0000000;"POLSKA";"1 kwartał";"gimnazjalne, podstawowe i niższe";"wartość liczbowa";"2024";12,1;"%";"";
0000000;"POLSKA";"2 kwartał";"wyższe";"wartość liczbowa";"2015";24,4;"%";"";
0000000;"POLSKA";"2 kwartał";"wyższe";"wartość liczbowa";"2016";24,9;"%";"";
0000000;"POLSKA";"2 kwartał";"wyższe";"wartość liczbowa";"2017";26,2;"%";"";
0000000;"POLSKA";"2 kwartał";"wyższe";"wartość liczbowa";"2018";27,4;"%";"";
0000000;"POLSKA";"2 kwartał";"wyższe";"wartość liczbowa";"2019";28,8;"%";"";
0000000;"POLSKA";"2 kwartał";"wyższe";"wartość liczbowa";"2020";28,9;"%";"";
0000000;"POLSKA";"2 kwartał";"wyższe";"wartość liczbowa";"2021";29,3;"%";"";
0000000;"POLSKA";"2 kwartał";"wyższe";"wartość liczbowa";"2022";29,4;"%";"";
0000000;"POLSKA";"2 kwartał";"wyższe";"wartość liczbowa";"2023";32,8;"%";"";
0000000;"POLSKA";"2 kwartał";"wyższe";"wartość liczbowa";"2024";33,6;"%";"";
0000000;"POLSKA";"2 kwartał";"policealne oraz średnie zawodowe/branżowe";"wartość liczbowa";"2015";24,0;"%";"";
0000000;"POLSKA";"2 kwartał";"policealne oraz średnie zawodowe/branżowe";"wartość liczbowa";"2016";24,7;"%";"";
0000000;"POLSKA";"2 kwartał";"policealne oraz średnie zawodowe/branżowe";"wartość liczbowa";"2017";24,5;"%";"";
0000000;"POLSKA";"2 kwartał";"policealne oraz średnie zawodowe/branżowe";"wartość liczbowa";"2018";24,4;"%";"";
0000000;"POLSKA";"2 kwartał";"policealne oraz średnie zawodowe/branżowe";"wartość liczbowa";"2019";23,9;"%";"";
0000000;"POLSKA";"2 kwartał";"policealne oraz średnie zawodowe/branżowe";"wartość liczbowa";"2020";24,2;"%";"";
0000000;"POLSKA";"2 kwartał";"policealne oraz średnie zawodowe/branżowe";"wartość liczbowa";"2021";24,4;"%";"";
0000000;"POLSKA";"2 kwartał";"policealne oraz średnie zawodowe/branżowe";"wartość liczbowa";"2022";24,9;"%";"";
0000000;"POLSKA";"2 kwartał";"policealne oraz średnie zawodowe/branżowe";"wartość liczbowa";"2023";23,1;"%";"";
0000000;"POLSKA";"2 kwartał";"policealne oraz średnie zawodowe/branżowe";"wartość liczbowa";"2024";22,5;"%";"";
0000000;"POLSKA";"2 kwartał";"średnie ogólnokształcące";"wartość liczbowa";"2015";10,5;"%";"";
0000000;"POLSKA";"2 kwartał";"średnie ogólnokształcące";"wartość liczbowa";"2016";10,3;"%";"";
0000000;"POLSKA";"2 kwartał";"średnie ogólnokształcące";"wartość liczbowa";"2017";10,5;"%";"";
0000000;"POLSKA";"2 kwartał";"średnie ogólnokształcące";"wartość liczbowa";"2018";10,6;"%";"";
0000000;"POLSKA";"2 kwartał";"średnie ogólnokształcące";"wartość liczbowa";"2019";10,8;"%";"";
0000000;"POLSKA";"2 kwartał";"średnie ogólnokształcące";"wartość liczbowa";"2020";10,6;"%";"";
0000000;"POLSKA";"2 kwartał";"średnie ogólnokształcące";"wartość liczbowa";"2021";11,1;"%";"";
0000000;"POLSKA";"2 kwartał";"średnie ogólnokształcące";"wartość liczbowa";"2022";10,9;"%";"";
0000000;"POLSKA";"2 kwartał";"średnie ogólnokształcące";"wartość liczbowa";"2023";12,3;"%";"";
0000000;"POLSKA";"2 kwartał";"średnie ogólnokształcące";"wartość liczbowa";"2024";12,5;"%";"";
0000000;"POLSKA";"2 kwartał";"zasadnicze zawodowe/branżowe";"wartość liczbowa";"2015";25,7;"%";"";
0000000;"POLSKA";"2 kwartał";"zasadnicze zawodowe/branżowe";"wartość liczbowa";"2016";25,3;"%";"";
0000000;"POLSKA";"2 kwartał";"zasadnicze zawodowe/branżowe";"wartość liczbowa";"2017";24,7;"%";"";
0000000;"POLSKA";"2 kwartał";"zasadnicze zawodowe/branżowe";"wartość liczbowa";"2018";24,1;"%";"";
0000000;"POLSKA";"2 kwartał";"zasadnicze zawodowe/branżowe";"wartość liczbowa";"2019";23,2;"%";"";
0000000;"POLSKA";"2 kwartał";"zasadnicze zawodowe/branżowe";"wartość liczbowa";"2020";23,2;"%";"";
0000000;"POLSKA";"2 kwartał";"zasadnicze zawodowe/branżowe";"wartość liczbowa";"2021";22,1;"%";"";
0000000;"POLSKA";"2 kwartał";"zasadnicze zawodowe/branżowe";"wartość liczbowa";"2022";21,9;"%";"";
0000000;"POLSKA";"2 kwartał";"zasadnicze zawodowe/branżowe";"wartość liczbowa";"2023";20,0;"%";"";
0000000;"POLSKA";"2 kwartał";"zasadnicze zawodowe/branżowe";"wartość liczbowa";"2024";19,6;"%";"";
0000000;"POLSKA";"2 kwartał";"gimnazjalne, podstawowe i niższe";"wartość liczbowa";"2015";15,4;"%";"";
0000000;"POLSKA";"2 kwartał";"gimnazjalne, podstawowe i niższe";"wartość liczbowa";"2016";14,7;"%";"";
0000000;"POLSKA";"2 kwartał";"gimnazjalne, podstawowe i niższe";"wartość liczbowa";"2017";14,1;"%";"";
0000000;"POLSKA";"2 kwartał";"gimnazjalne, podstawowe i niższe";"wartość liczbowa";"2018";13,5;"%";"";
0000000;"POLSKA";"2 kwartał";"gimnazjalne, podstawowe i niższe";"wartość liczbowa";"2019";13,3;"%";"";
0000000;"POLSKA";"2 kwartał";"gimnazjalne, podstawowe i niższe";"wartość liczbowa";"2020";13,1;"%";"";
0000000;"POLSKA";"2 kwartał";"gimnazjalne, podstawowe i niższe";"wartość liczbowa";"2021";13,1;"%";"";
0000000;"POLSKA";"2 kwartał";"gimnazjalne, podstawowe i niższe";"wartość liczbowa";"2022";12,8;"%";"";
0000000;"POLSKA";"2 kwartał";"gimnazjalne, podstawowe i niższe";"wartość liczbowa";"2023";11,9;"%";"";
0000000;"POLSKA";"2 kwartał";"gimnazjalne, podstawowe i niższe";"wartość liczbowa";"2024";11,8;"%";"";
0000000;"POLSKA";"3 kwartał";"wyższe";"wartość liczbowa";"2015";24,6;"%";"";
0000000;"POLSKA";"3 kwartał";"wyższe";"wartość liczbowa";"2016";25,4;"%";"";
0000000;"POLSKA";"3 kwartał";"wyższe";"wartość liczbowa";"2017";26,4;"%";"";
0000000;"POLSKA";"3 kwartał";"wyższe";"wartość liczbowa";"2018";27,3;"%";"";
0000000;"POLSKA";"3 kwartał";"wyższe";"wartość liczbowa";"2019";28,8;"%";"";
0000000;"POLSKA";"3 kwartał";"wyższe";"wartość liczbowa";"2020";29,3;"%";"";
0000000;"POLSKA";"3 kwartał";"wyższe";"wartość liczbowa";"2021";29,3;"%";"";
0000000;"POLSKA";"3 kwartał";"wyższe";"wartość liczbowa";"2022";30,0;"%";"";
0000000;"POLSKA";"3 kwartał";"wyższe";"wartość liczbowa";"2023";33,9;"%";"";
0000000;"POLSKA";"3 kwartał";"wyższe";"wartość liczbowa";"2024";34,9;"%";"";
0000000;"POLSKA";"3 kwartał";"policealne oraz średnie zawodowe/branżowe";"wartość liczbowa";"2015";24,2;"%";"";
0000000;"POLSKA";"3 kwartał";"policealne oraz średnie zawodowe/branżowe";"wartość liczbowa";"2016";24,5;"%";"";
0000000;"POLSKA";"3 kwartał";"policealne oraz średnie zawodowe/branżowe";"wartość liczbowa";"2017";24,3;"%";"";
0000000;"POLSKA";"3 kwartał";"policealne oraz średnie zawodowe/branżowe";"wartość liczbowa";"2018";24,6;"%";"";
0000000;"POLSKA";"3 kwartał";"policealne oraz średnie zawodowe/branżowe";"wartość liczbowa";"2019";24,2;"%";"";
0000000;"POLSKA";"3 kwartał";"policealne oraz średnie zawodowe/branżowe";"wartość liczbowa";"2020";24,5;"%";"";
0000000;"POLSKA";"3 kwartał";"policealne oraz średnie zawodowe/branżowe";"wartość liczbowa";"2021";24,7;"%";"";
0000000;"POLSKA";"3 kwartał";"policealne oraz średnie zawodowe/branżowe";"wartość liczbowa";"2022";24,7;"%";"";
0000000;"POLSKA";"3 kwartał";"policealne oraz średnie zawodowe/branżowe";"wartość liczbowa";"2023";22,8;"%";"";
0000000;"POLSKA";"3 kwartał";"policealne oraz średnie zawodowe/branżowe";"wartość liczbowa";"2024";22,2;"%";"";
0000000;"POLSKA";"3 kwartał";"średnie ogólnokształcące";"wartość liczbowa";"2015";11,0;"%";"";
0000000;"POLSKA";"3 kwartał";"średnie ogólnokształcące";"wartość liczbowa";"2016";10,5;"%";"";
0000000;"POLSKA";"3 kwartał";"średnie ogólnokształcące";"wartość liczbowa";"2017";10,6;"%";"";
0000000;"POLSKA";"3 kwartał";"średnie ogólnokształcące";"wartość liczbowa";"2018";10,6;"%";"";
0000000;"POLSKA";"3 kwartał";"średnie ogólnokształcące";"wartość liczbowa";"2019";10,9;"%";"";
0000000;"POLSKA";"3 kwartał";"średnie ogólnokształcące";"wartość liczbowa";"2020";10,8;"%";"";
0000000;"POLSKA";"3 kwartał";"średnie ogólnokształcące";"wartość liczbowa";"2021";11,3;"%";"";
0000000;"POLSKA";"3 kwartał";"średnie ogólnokształcące";"wartość liczbowa";"2022";11,0;"%";"";
0000000;"POLSKA";"3 kwartał";"średnie ogólnokształcące";"wartość liczbowa";"2023";12,1;"%";"";
0000000;"POLSKA";"3 kwartał";"średnie ogólnokształcące";"wartość liczbowa";"2024";12,5;"%";"";
0000000;"POLSKA";"3 kwartał";"zasadnicze zawodowe/branżowe";"wartość liczbowa";"2015";25,3;"%";"";
0000000;"POLSKA";"3 kwartał";"zasadnicze zawodowe/branżowe";"wartość liczbowa";"2016";25,0;"%";"";
0000000;"POLSKA";"3 kwartał";"zasadnicze zawodowe/branżowe";"wartość liczbowa";"2017";25,0;"%";"";
0000000;"POLSKA";"3 kwartał";"zasadnicze zawodowe/branżowe";"wartość liczbowa";"2018";24,3;"%";"";
0000000;"POLSKA";"3 kwartał";"zasadnicze zawodowe/branżowe";"wartość liczbowa";"2019";23,1;"%";"";
0000000;"POLSKA";"3 kwartał";"zasadnicze zawodowe/branżowe";"wartość liczbowa";"2020";22,7;"%";"";
0000000;"POLSKA";"3 kwartał";"zasadnicze zawodowe/branżowe";"wartość liczbowa";"2021";22,0;"%";"";
0000000;"POLSKA";"3 kwartał";"zasadnicze zawodowe/branżowe";"wartość liczbowa";"2022";21,8;"%";"";
0000000;"POLSKA";"3 kwartał";"zasadnicze zawodowe/branżowe";"wartość liczbowa";"2023";19,3;"%";"";
0000000;"POLSKA";"3 kwartał";"zasadnicze zawodowe/branżowe";"wartość liczbowa";"2024";19,0;"%";"";
0000000;"POLSKA";"3 kwartał";"gimnazjalne, podstawowe i niższe";"wartość liczbowa";"2015";14,9;"%";"";
0000000;"POLSKA";"3 kwartał";"gimnazjalne, podstawowe i niższe";"wartość liczbowa";"2016";14,6;"%";"";
0000000;"POLSKA";"3 kwartał";"gimnazjalne, podstawowe i niższe";"wartość liczbowa";"2017";13,7;"%";"";
0000000;"POLSKA";"3 kwartał";"gimnazjalne, podstawowe i niższe";"wartość liczbowa";"2018";13,2;"%";"";
0000000;"POLSKA";"3 kwartał";"gimnazjalne, podstawowe i niższe";"wartość liczbowa";"2019";13,0;"%";"";
0000000;"POLSKA";"3 kwartał";"gimnazjalne, podstawowe i niższe";"wartość liczbowa";"2020";12,7;"%";"";
0000000;"POLSKA";"3 kwartał";"gimnazjalne, podstawowe i niższe";"wartość liczbowa";"2021";12,7;"%";"";
0000000;"POLSKA";"3 kwartał";"gimnazjalne, podstawowe i niższe";"wartość liczbowa";"2022";12,5;"%";"";
0000000;"POLSKA";"3 kwartał";"gimnazjalne, podstawowe i niższe";"wartość liczbowa";"2023";11,9;"%";"";
0000000;"POLSKA";"3 kwartał";"gimnazjalne, podstawowe i niższe";"wartość liczbowa";"2024";11,3;"%";"";
0000000;"POLSKA";"4 kwartał";"wyższe";"wartość liczbowa";"2015";24,6;"%";"";
0000000;"POLSKA";"4 kwartał";"wyższe";"wartość liczbowa";"2016";25,6;"%";"";
0000000;"POLSKA";"4 kwartał";"wyższe";"wartość liczbowa";"2017";26,6;"%";"";
0000000;"POLSKA";"4 kwartał";"wyższe";"wartość liczbowa";"2018";27,1;"%";"";
0000000;"POLSKA";"4 kwartał";"wyższe";"wartość liczbowa";"2019";28,4;"%";"";
0000000;"POLSKA";"4 kwartał";"wyższe";"wartość liczbowa";"2020";29,4;"%";"";
0000000;"POLSKA";"4 kwartał";"wyższe";"wartość liczbowa";"2021";29,1;"%";"";
0000000;"POLSKA";"4 kwartał";"wyższe";"wartość liczbowa";"2022";31,2;"%";"";
0000000;"POLSKA";"4 kwartał";"wyższe";"wartość liczbowa";"2023";33,8;"%";"";
0000000;"POLSKA";"4 kwartał";"wyższe";"wartość liczbowa";"2024";35,0;"%";"";
0000000;"POLSKA";"4 kwartał";"policealne oraz średnie zawodowe/branżowe";"wartość liczbowa";"2015";24,1;"%";"";
0000000;"POLSKA";"4 kwartał";"policealne oraz średnie zawodowe/branżowe";"wartość liczbowa";"2016";24,4;"%";"";
0000000;"POLSKA";"4 kwartał";"policealne oraz średnie zawodowe/branżowe";"wartość liczbowa";"2017";24,2;"%";"";
0000000;"POLSKA";"4 kwartał";"policealne oraz średnie zawodowe/branżowe";"wartość liczbowa";"2018";24,4;"%";"";
0000000;"POLSKA";"4 kwartał";"policealne oraz średnie zawodowe/branżowe";"wartość liczbowa";"2019";24,2;"%";"";
0000000;"POLSKA";"4 kwartał";"policealne oraz średnie zawodowe/branżowe";"wartość liczbowa";"2020";24,5;"%";"";
0000000;"POLSKA";"4 kwartał";"policealne oraz średnie zawodowe/branżowe";"wartość liczbowa";"2021";25,0;"%";"";
0000000;"POLSKA";"4 kwartał";"policealne oraz średnie zawodowe/branżowe";"wartość liczbowa";"2022";24,0;"%";"";
0000000;"POLSKA";"4 kwartał";"policealne oraz średnie zawodowe/branżowe";"wartość liczbowa";"2023";22,9;"%";"";
0000000;"POLSKA";"4 kwartał";"policealne oraz średnie zawodowe/branżowe";"wartość liczbowa";"2024";21,9;"%";"";
0000000;"POLSKA";"4 kwartał";"średnie ogólnokształcące";"wartość liczbowa";"2015";10,8;"%";"";
0000000;"POLSKA";"4 kwartał";"średnie ogólnokształcące";"wartość liczbowa";"2016";10,5;"%";"";
0000000;"POLSKA";"4 kwartał";"średnie ogólnokształcące";"wartość liczbowa";"2017";10,5;"%";"";
0000000;"POLSKA";"4 kwartał";"średnie ogólnokształcące";"wartość liczbowa";"2018";10,3;"%";"";
0000000;"POLSKA";"4 kwartał";"średnie ogólnokształcące";"wartość liczbowa";"2019";10,6;"%";"";
0000000;"POLSKA";"4 kwartał";"średnie ogólnokształcące";"wartość liczbowa";"2020";10,7;"%";"";
0000000;"POLSKA";"4 kwartał";"średnie ogólnokształcące";"wartość liczbowa";"2021";11,0;"%";"";
0000000;"POLSKA";"4 kwartał";"średnie ogólnokształcące";"wartość liczbowa";"2022";11,3;"%";"";
0000000;"POLSKA";"4 kwartał";"średnie ogólnokształcące";"wartość liczbowa";"2023";11,8;"%";"";
0000000;"POLSKA";"4 kwartał";"średnie ogólnokształcące";"wartość liczbowa";"2024";12,6;"%";"";
0000000;"POLSKA";"4 kwartał";"zasadnicze zawodowe/branżowe";"wartość liczbowa";"2015";25,4;"%";"";
0000000;"POLSKA";"4 kwartał";"zasadnicze zawodowe/branżowe";"wartość liczbowa";"2016";25,1;"%";"";
0000000;"POLSKA";"4 kwartał";"zasadnicze zawodowe/branżowe";"wartość liczbowa";"2017";25,0;"%";"";
0000000;"POLSKA";"4 kwartał";"zasadnicze zawodowe/branżowe";"wartość liczbowa";"2018";24,9;"%";"";
0000000;"POLSKA";"4 kwartał";"zasadnicze zawodowe/branżowe";"wartość liczbowa";"2019";23,6;"%";"";
0000000;"POLSKA";"4 kwartał";"zasadnicze zawodowe/branżowe";"wartość liczbowa";"2020";22,6;"%";"";
0000000;"POLSKA";"4 kwartał";"zasadnicze zawodowe/branżowe";"wartość liczbowa";"2021";22,0;"%";"";
0000000;"POLSKA";"4 kwartał";"zasadnicze zawodowe/branżowe";"wartość liczbowa";"2022";21,1;"%";"";
0000000;"POLSKA";"4 kwartał";"zasadnicze zawodowe/branżowe";"wartość liczbowa";"2023";19,5;"%";"";
0000000;"POLSKA";"4 kwartał";"zasadnicze zawodowe/branżowe";"wartość liczbowa";"2024";18,7;"%";"";
0000000;"POLSKA";"4 kwartał";"gimnazjalne, podstawowe i niższe";"wartość liczbowa";"2015";15,1;"%";"";
0000000;"POLSKA";"4 kwartał";"gimnazjalne, podstawowe i niższe";"wartość liczbowa";"2016";14,4;"%";"";
0000000;"POLSKA";"4 kwartał";"gimnazjalne, podstawowe i niższe";"wartość liczbowa";"2017";13,7;"%";"";
0000000;"POLSKA";"4 kwartał";"gimnazjalne, podstawowe i niższe";"wartość liczbowa";"2018";13,4;"%";"";
0000000;"POLSKA";"4 kwartał";"gimnazjalne, podstawowe i niższe";"wartość liczbowa";"2019";13,2;"%";"";
0000000;"POLSKA";"4 kwartał";"gimnazjalne, podstawowe i niższe";"wartość liczbowa";"2020";12,7;"%";"";
0000000;"POLSKA";"4 kwartał";"gimnazjalne, podstawowe i niższe";"wartość liczbowa";"2021";12,9;"%";"";
0000000;"POLSKA";"4 kwartał";"gimnazjalne, podstawowe i niższe";"wartość liczbowa";"2022";12,4;"%";"";
0000000;"POLSKA";"4 kwartał";"gimnazjalne, podstawowe i niższe";"wartość liczbowa";"2023";12,0;"%";"";
0000000;"POLSKA";"4 kwartał";"gimnazjalne, podstawowe i niższe";"wartość liczbowa";"2024";11,8;"%";"";
1400000;"MAZOWIECKIE";"1 kwartał";"wyższe";"wartość liczbowa";"2015";34,0;"%";"";
1400000;"MAZOWIECKIE";"1 kwartał";"wyższe";"wartość liczbowa";"2016";33,5;"%";"";
1400000;"MAZOWIECKIE";"1 kwartał";"wyższe";"wartość liczbowa";"2017";34,5;"%";"";
1400000;"MAZOWIECKIE";"1 kwartał";"wyższe";"wartość liczbowa";"2018";36,9;"%";"";
1400000;"MAZOWIECKIE";"1 kwartał";"wyższe";"wartość liczbowa";"2019";38,5;"%";"";
1400000;"MAZOWIECKIE";"1 kwartał";"wyższe";"wartość liczbowa";"2020";39,6;"%";"";
1400000;"MAZOWIECKIE";"1 kwartał";"wyższe";"wartość liczbowa";"2021";39,1;"%";"";
1400000;"MAZOWIECKIE";"1 kwartał";"wyższe";"wartość liczbowa";"2022";40,0;"%";"";
1400000;"MAZOWIECKIE";"1 kwartał";"wyższe";"wartość liczbowa";"2023";42,9;"%";"";
1400000;"MAZOWIECKIE";"1 kwartał";"wyższe";"wartość liczbowa";"2024";43,7;"%";"";
1400000;"MAZOWIECKIE";"1 kwartał";"policealne oraz średnie zawodowe/branżowe";"wartość liczbowa";"2015";22,3;"%";"";
1400000;"MAZOWIECKIE";"1 kwartał";"policealne oraz średnie zawodowe/branżowe";"wartość liczbowa";"2016";22,3;"%";"";
1400000;"MAZOWIECKIE";"1 kwartał";"policealne oraz średnie zawodowe/branżowe";"wartość liczbowa";"2017";22,2;"%";"";
1400000;"MAZOWIECKIE";"1 kwartał";"policealne oraz średnie zawodowe/branżowe";"wartość liczbowa";"2018";22,4;"%";"";
1400000;"MAZOWIECKIE";"1 kwartał";"policealne oraz średnie zawodowe/branżowe";"wartość liczbowa";"2019";21,5;"%";"";
1400000;"MAZOWIECKIE";"1 kwartał";"policealne oraz średnie zawodowe/branżowe";"wartość liczbowa";"2020";20,7;"%";"";
1400000;"MAZOWIECKIE";"1 kwartał";"policealne oraz średnie zawodowe/branżowe";"wartość liczbowa";"2021";21,7;"%";"";
1400000;"MAZOWIECKIE";"1 kwartał";"policealne oraz średnie zawodowe/branżowe";"wartość liczbowa";"2022";21,9;"%";"";
1400000;"MAZOWIECKIE";"1 kwartał";"policealne oraz średnie zawodowe/branżowe";"wartość liczbowa";"2023";19,9;"%";"";
1400000;"MAZOWIECKIE";"1 kwartał";"policealne oraz średnie zawodowe/branżowe";"wartość liczbowa";"2024";19,0;"%";"";
1400000;"MAZOWIECKIE";"1 kwartał";"średnie ogólnokształcące";"wartość liczbowa";"2015";11,0;"%";"";
1400000;"MAZOWIECKIE";"1 kwartał";"średnie ogólnokształcące";"wartość liczbowa";"2016";10,6;"%";"";
1400000;"MAZOWIECKIE";"1 kwartał";"średnie ogólnokształcące";"wartość liczbowa";"2017";10,5;"%";"";
1400000;"MAZOWIECKIE";"1 kwartał";"średnie ogólnokształcące";"wartość liczbowa";"2018";11,1;"%";"";
1400000;"MAZOWIECKIE";"1 kwartał";"średnie ogólnokształcące";"wartość liczbowa";"2019";11,5;"%";"";
1400000;"MAZOWIECKIE";"1 kwartał";"średnie ogólnokształcące";"wartość liczbowa";"2020";10,4;"%";"";
1400000;"MAZOWIECKIE";"1 kwartał";"średnie ogólnokształcące";"wartość liczbowa";"2021";11,7;"%";"";
1400000;"MAZOWIECKIE";"1 kwartał";"średnie ogólnokształcące";"wartość liczbowa";"2022";11,9;"%";"";
1400000;"MAZOWIECKIE";"1 kwartał";"średnie ogólnokształcące";"wartość liczbowa";"2023";14,3;"%";"";
1400000;"MAZOWIECKIE";"1 kwartał";"średnie ogólnokształcące";"wartość liczbowa";"2024";14,4;"%";"";
1400000;"MAZOWIECKIE";"1 kwartał";"zasadnicze zawodowe/branżowe";"wartość liczbowa";"2015";19,1;"%";"";
1400000;"MAZOWIECKIE";"1 kwartał";"zasadnicze zawodowe/branżowe";"wartość liczbowa";"2016";20,4;"%";"";
1400000;"MAZOWIECKIE";"1 kwartał";"zasadnicze zawodowe/branżowe";"wartość liczbowa";"2017";20,3;"%";"";
1400000;"MAZOWIECKIE";"1 kwartał";"zasadnicze zawodowe/branżowe";"wartość liczbowa";"2018";17,3;"%";"";
1400000;"MAZOWIECKIE";"1 kwartał";"zasadnicze zawodowe/branżowe";"wartość liczbowa";"2019";16,9;"%";"";
1400000;"MAZOWIECKIE";"1 kwartał";"zasadnicze zawodowe/branżowe";"wartość liczbowa";"2020";17,4;"%";"";
1400000;"MAZOWIECKIE";"1 kwartał";"zasadnicze zawodowe/branżowe";"wartość liczbowa";"2021";16,2;"%";"";
1400000;"MAZOWIECKIE";"1 kwartał";"zasadnicze zawodowe/branżowe";"wartość liczbowa";"2022";14,9;"%";"";
1400000;"MAZOWIECKIE";"1 kwartał";"zasadnicze zawodowe/branżowe";"wartość liczbowa";"2023";13,0;"%";"";
1400000;"MAZOWIECKIE";"1 kwartał";"zasadnicze zawodowe/branżowe";"wartość liczbowa";"2024";12,8;"%";"";
1400000;"MAZOWIECKIE";"1 kwartał";"gimnazjalne, podstawowe i niższe";"wartość liczbowa";"2015";13,6;"%";"";
1400000;"MAZOWIECKIE";"1 kwartał";"gimnazjalne, podstawowe i niższe";"wartość liczbowa";"2016";13,2;"%";"";
1400000;"MAZOWIECKIE";"1 kwartał";"gimnazjalne, podstawowe i niższe";"wartość liczbowa";"2017";12,6;"%";"";
1400000;"MAZOWIECKIE";"1 kwartał";"gimnazjalne, podstawowe i niższe";"wartość liczbowa";"2018";12,3;"%";"";
1400000;"MAZOWIECKIE";"1 kwartał";"gimnazjalne, podstawowe i niższe";"wartość liczbowa";"2019";11,5;"%";"";
1400000;"MAZOWIECKIE";"1 kwartał";"gimnazjalne, podstawowe i niższe";"wartość liczbowa";"2020";11,9;"%";"";
1400000;"MAZOWIECKIE";"1 kwartał";"gimnazjalne, podstawowe i niższe";"wartość liczbowa";"2021";11,3;"%";"";
1400000;"MAZOWIECKIE";"1 kwartał";"gimnazjalne, podstawowe i niższe";"wartość liczbowa";"2022";11,4;"%";"";
1400000;"MAZOWIECKIE";"1 kwartał";"gimnazjalne, podstawowe i niższe";"wartość liczbowa";"2023";9,9;"%";"";
1400000;"MAZOWIECKIE";"1 kwartał";"gimnazjalne, podstawowe i niższe";"wartość liczbowa";"2024";10,1;"%";"";
1400000;"MAZOWIECKIE";"2 kwartał";"wyższe";"wartość liczbowa";"2015";33,3;"%";"";
1400000;"MAZOWIECKIE";"2 kwartał";"wyższe";"wartość liczbowa";"2016";33,2;"%";"";
1400000;"MAZOWIECKIE";"2 kwartał";"wyższe";"wartość liczbowa";"2017";34,7;"%";"";
1400000;"MAZOWIECKIE";"2 kwartał";"wyższe";"wartość liczbowa";"2018";36,8;"%";"";
1400000;"MAZOWIECKIE";"2 kwartał";"wyższe";"wartość liczbowa";"2019";37,8;"%";"";
1400000;"MAZOWIECKIE";"2 kwartał";"wyższe";"wartość liczbowa";"2020";38,4;"%";"";
1400000;"MAZOWIECKIE";"2 kwartał";"wyższe";"wartość liczbowa";"2021";39,9;"%";"";
1400000;"MAZOWIECKIE";"2 kwartał";"wyższe";"wartość liczbowa";"2022";39,5;"%";"";
1400000;"MAZOWIECKIE";"2 kwartał";"wyższe";"wartość liczbowa";"2023";42,3;"%";"";
1400000;"MAZOWIECKIE";"2 kwartał";"wyższe";"wartość liczbowa";"2024";44,1;"%";"";
1400000;"MAZOWIECKIE";"2 kwartał";"policealne oraz średnie zawodowe/branżowe";"wartość liczbowa";"2015";21,5;"%";"";
1400000;"MAZOWIECKIE";"2 kwartał";"policealne oraz średnie zawodowe/branżowe";"wartość liczbowa";"2016";22,7;"%";"";
1400000;"MAZOWIECKIE";"2 kwartał";"policealne oraz średnie zawodowe/branżowe";"wartość liczbowa";"2017";22,5;"%";"";
1400000;"MAZOWIECKIE";"2 kwartał";"policealne oraz średnie zawodowe/branżowe";"wartość liczbowa";"2018";22,9;"%";"";
1400000;"MAZOWIECKIE";"2 kwartał";"policealne oraz średnie zawodowe/branżowe";"wartość liczbowa";"2019";21,8;"%";"";
1400000;"MAZOWIECKIE";"2 kwartał";"policealne oraz średnie zawodowe/branżowe";"wartość liczbowa";"2020";20,7;"%";"";
1400000;"MAZOWIECKIE";"2 kwartał";"policealne oraz średnie zawodowe/branżowe";"wartość liczbowa";"2021";21,0;"%";"";
1400000;"MAZOWIECKIE";"2 kwartał";"policealne oraz średnie zawodowe/branżowe";"wartość liczbowa";"2022";21,8;"%";"";
1400000;"MAZOWIECKIE";"2 kwartał";"policealne oraz średnie zawodowe/branżowe";"wartość liczbowa";"2023";20,0;"%";"";
1400000;"MAZOWIECKIE";"2 kwartał";"policealne oraz średnie zawodowe/branżowe";"wartość liczbowa";"2024";19,4;"%";"";
1400000;"MAZOWIECKIE";"2 kwartał";"średnie ogólnokształcące";"wartość liczbowa";"2015";10,9;"%";"";
1400000;"MAZOWIECKIE";"2 kwartał";"średnie ogólnokształcące";"wartość liczbowa";"2016";11,2;"%";"";
1400000;"MAZOWIECKIE";"2 kwartał";"średnie ogólnokształcące";"wartość liczbowa";"2017";11,3;"%";"";
1400000;"MAZOWIECKIE";"2 kwartał";"średnie ogólnokształcące";"wartość liczbowa";"2018";11,7;"%";"";
1400000;"MAZOWIECKIE";"2 kwartał";"średnie ogólnokształcące";"wartość liczbowa";"2019";11,7;"%";"";
1400000;"MAZOWIECKIE";"2 kwartał";"średnie ogólnokształcące";"wartość liczbowa";"2020";10,9;"%";"";
1400000;"MAZOWIECKIE";"2 kwartał";"średnie ogólnokształcące";"wartość liczbowa";"2021";12,7;"%";"";
1400000;"MAZOWIECKIE";"2 kwartał";"średnie ogólnokształcące";"wartość liczbowa";"2022";12,3;"%";"";
1400000;"MAZOWIECKIE";"2 kwartał";"średnie ogólnokształcące";"wartość liczbowa";"2023";13,7;"%";"";
1400000;"MAZOWIECKIE";"2 kwartał";"średnie ogólnokształcące";"wartość liczbowa";"2024";13,2;"%";"";
1400000;"MAZOWIECKIE";"2 kwartał";"zasadnicze zawodowe/branżowe";"wartość liczbowa";"2015";20,1;"%";"";
1400000;"MAZOWIECKIE";"2 kwartał";"zasadnicze zawodowe/branżowe";"wartość liczbowa";"2016";20,3;"%";"";
1400000;"MAZOWIECKIE";"2 kwartał";"zasadnicze zawodowe/branżowe";"wartość liczbowa";"2017";19,3;"%";"";
1400000;"MAZOWIECKIE";"2 kwartał";"zasadnicze zawodowe/branżowe";"wartość liczbowa";"2018";16,7;"%";"";
1400000;"MAZOWIECKIE";"2 kwartał";"zasadnicze zawodowe/branżowe";"wartość liczbowa";"2019";16,7;"%";"";
1400000;"MAZOWIECKIE";"2 kwartał";"zasadnicze zawodowe/branżowe";"wartość liczbowa";"2020";17,9;"%";"";
1400000;"MAZOWIECKIE";"2 kwartał";"zasadnicze zawodowe/branżowe";"wartość liczbowa";"2021";15,2;"%";"";
1400000;"MAZOWIECKIE";"2 kwartał";"zasadnicze zawodowe/branżowe";"wartość liczbowa";"2022";14,9;"%";"";
1400000;"MAZOWIECKIE";"2 kwartał";"zasadnicze zawodowe/branżowe";"wartość liczbowa";"2023";13,7;"%";"";
1400000;"MAZOWIECKIE";"2 kwartał";"zasadnicze zawodowe/branżowe";"wartość liczbowa";"2024";13,7;"%";"";
1400000;"MAZOWIECKIE";"2 kwartał";"gimnazjalne, podstawowe i niższe";"wartość liczbowa";"2015";14,2;"%";"";
1400000;"MAZOWIECKIE";"2 kwartał";"gimnazjalne, podstawowe i niższe";"wartość liczbowa";"2016";12,6;"%";"";
1400000;"MAZOWIECKIE";"2 kwartał";"gimnazjalne, podstawowe i niższe";"wartość liczbowa";"2017";12,1;"%";"";
1400000;"MAZOWIECKIE";"2 kwartał";"gimnazjalne, podstawowe i niższe";"wartość liczbowa";"2018";11,8;"%";"";
1400000;"MAZOWIECKIE";"2 kwartał";"gimnazjalne, podstawowe i niższe";"wartość liczbowa";"2019";12,0;"%";"";
1400000;"MAZOWIECKIE";"2 kwartał";"gimnazjalne, podstawowe i niższe";"wartość liczbowa";"2020";12,1;"%";"";
1400000;"MAZOWIECKIE";"2 kwartał";"gimnazjalne, podstawowe i niższe";"wartość liczbowa";"2021";11,2;"%";"";
1400000;"MAZOWIECKIE";"2 kwartał";"gimnazjalne, podstawowe i niższe";"wartość liczbowa";"2022";11,5;"%";"";
1400000;"MAZOWIECKIE";"2 kwartał";"gimnazjalne, podstawowe i niższe";"wartość liczbowa";"2023";10,3;"%";"";
1400000;"MAZOWIECKIE";"2 kwartał";"gimnazjalne, podstawowe i niższe";"wartość liczbowa";"2024";9,6;"%";"";
1400000;"MAZOWIECKIE";"3 kwartał";"wyższe";"wartość liczbowa";"2015";33,2;"%";"";
1400000;"MAZOWIECKIE";"3 kwartał";"wyższe";"wartość liczbowa";"2016";34,5;"%";"";
1400000;"MAZOWIECKIE";"3 kwartał";"wyższe";"wartość liczbowa";"2017";36,4;"%";"";
1400000;"MAZOWIECKIE";"3 kwartał";"wyższe";"wartość liczbowa";"2018";37,2;"%";"";
1400000;"MAZOWIECKIE";"3 kwartał";"wyższe";"wartość liczbowa";"2019";38,6;"%";"";
1400000;"MAZOWIECKIE";"3 kwartał";"wyższe";"wartość liczbowa";"2020";40,1;"%";"";
1400000;"MAZOWIECKIE";"3 kwartał";"wyższe";"wartość liczbowa";"2021";40,6;"%";"";
1400000;"MAZOWIECKIE";"3 kwartał";"wyższe";"wartość liczbowa";"2022";40,4;"%";"";
1400000;"MAZOWIECKIE";"3 kwartał";"wyższe";"wartość liczbowa";"2023";44,7;"%";"";
1400000;"MAZOWIECKIE";"3 kwartał";"wyższe";"wartość liczbowa";"2024";46,6;"%";"";
1400000;"MAZOWIECKIE";"3 kwartał";"policealne oraz średnie zawodowe/branżowe";"wartość liczbowa";"2015";21,2;"%";"";
1400000;"MAZOWIECKIE";"3 kwartał";"policealne oraz średnie zawodowe/branżowe";"wartość liczbowa";"2016";21,2;"%";"";
1400000;"MAZOWIECKIE";"3 kwartał";"policealne oraz średnie zawodowe/branżowe";"wartość liczbowa";"2017";21,9;"%";"";
1400000;"MAZOWIECKIE";"3 kwartał";"policealne oraz średnie zawodowe/branżowe";"wartość liczbowa";"2018";21,6;"%";"";
1400000;"MAZOWIECKIE";"3 kwartał";"policealne oraz średnie zawodowe/branżowe";"wartość liczbowa";"2019";20,8;"%";"";
1400000;"MAZOWIECKIE";"3 kwartał";"policealne oraz średnie zawodowe/branżowe";"wartość liczbowa";"2020";20,9;"%";"";
1400000;"MAZOWIECKIE";"3 kwartał";"policealne oraz średnie zawodowe/branżowe";"wartość liczbowa";"2021";20,8;"%";"";
1400000;"MAZOWIECKIE";"3 kwartał";"policealne oraz średnie zawodowe/branżowe";"wartość liczbowa";"2022";21,2;"%";"";
1400000;"MAZOWIECKIE";"3 kwartał";"policealne oraz średnie zawodowe/branżowe";"wartość liczbowa";"2023";19,2;"%";"";
1400000;"MAZOWIECKIE";"3 kwartał";"policealne oraz średnie zawodowe/branżowe";"wartość liczbowa";"2024";18,8;"%";"";
1400000;"MAZOWIECKIE";"3 kwartał";"średnie ogólnokształcące";"wartość liczbowa";"2015";11,5;"%";"";
1400000;"MAZOWIECKIE";"3 kwartał";"średnie ogólnokształcące";"wartość liczbowa";"2016";11,8;"%";"";
1400000;"MAZOWIECKIE";"3 kwartał";"średnie ogólnokształcące";"wartość liczbowa";"2017";11,8;"%";"";
1400000;"MAZOWIECKIE";"3 kwartał";"średnie ogólnokształcące";"wartość liczbowa";"2018";11,7;"%";"";
1400000;"MAZOWIECKIE";"3 kwartał";"średnie ogólnokształcące";"wartość liczbowa";"2019";12,3;"%";"";
1400000;"MAZOWIECKIE";"3 kwartał";"średnie ogólnokształcące";"wartość liczbowa";"2020";10,9;"%";"";
1400000;"MAZOWIECKIE";"3 kwartał";"średnie ogólnokształcące";"wartość liczbowa";"2021";12,7;"%";"";
1400000;"MAZOWIECKIE";"3 kwartał";"średnie ogólnokształcące";"wartość liczbowa";"2022";12,9;"%";"";
1400000;"MAZOWIECKIE";"3 kwartał";"średnie ogólnokształcące";"wartość liczbowa";"2023";13,5;"%";"";
1400000;"MAZOWIECKIE";"3 kwartał";"średnie ogólnokształcące";"wartość liczbowa";"2024";12,7;"%";"";
1400000;"MAZOWIECKIE";"3 kwartał";"zasadnicze zawodowe/branżowe";"wartość liczbowa";"2015";20,7;"%";"";
1400000;"MAZOWIECKIE";"3 kwartał";"zasadnicze zawodowe/branżowe";"wartość liczbowa";"2016";19,7;"%";"";
1400000;"MAZOWIECKIE";"3 kwartał";"zasadnicze zawodowe/branżowe";"wartość liczbowa";"2017";17,9;"%";"";
1400000;"MAZOWIECKIE";"3 kwartał";"zasadnicze zawodowe/branżowe";"wartość liczbowa";"2018";17,6;"%";"";
1400000;"MAZOWIECKIE";"3 kwartał";"zasadnicze zawodowe/branżowe";"wartość liczbowa";"2019";16,7;"%";"";
1400000;"MAZOWIECKIE";"3 kwartał";"zasadnicze zawodowe/branżowe";"wartość liczbowa";"2020";16,2;"%";"";
1400000;"MAZOWIECKIE";"3 kwartał";"zasadnicze zawodowe/branżowe";"wartość liczbowa";"2021";15,2;"%";"";
1400000;"MAZOWIECKIE";"3 kwartał";"zasadnicze zawodowe/branżowe";"wartość liczbowa";"2022";15,0;"%";"";
1400000;"MAZOWIECKIE";"3 kwartał";"zasadnicze zawodowe/branżowe";"wartość liczbowa";"2023";12,7;"%";"";
1400000;"MAZOWIECKIE";"3 kwartał";"zasadnicze zawodowe/branżowe";"wartość liczbowa";"2024";12,5;"%";"";
1400000;"MAZOWIECKIE";"3 kwartał";"gimnazjalne, podstawowe i niższe";"wartość liczbowa";"2015";13,4;"%";"";
1400000;"MAZOWIECKIE";"3 kwartał";"gimnazjalne, podstawowe i niższe";"wartość liczbowa";"2016";12,7;"%";"";
1400000;"MAZOWIECKIE";"3 kwartał";"gimnazjalne, podstawowe i niższe";"wartość liczbowa";"2017";12,0;"%";"";
1400000;"MAZOWIECKIE";"3 kwartał";"gimnazjalne, podstawowe i niższe";"wartość liczbowa";"2018";12,0;"%";"";
1400000;"MAZOWIECKIE";"3 kwartał";"gimnazjalne, podstawowe i niższe";"wartość liczbowa";"2019";11,7;"%";"";
1400000;"MAZOWIECKIE";"3 kwartał";"gimnazjalne, podstawowe i niższe";"wartość liczbowa";"2020";11,8;"%";"";
1400000;"MAZOWIECKIE";"3 kwartał";"gimnazjalne, podstawowe i niższe";"wartość liczbowa";"2021";10,7;"%";"";
1400000;"MAZOWIECKIE";"3 kwartał";"gimnazjalne, podstawowe i niższe";"wartość liczbowa";"2022";10,4;"%";"";
1400000;"MAZOWIECKIE";"3 kwartał";"gimnazjalne, podstawowe i niższe";"wartość liczbowa";"2023";10,0;"%";"";
1400000;"MAZOWIECKIE";"3 kwartał";"gimnazjalne, podstawowe i niższe";"wartość liczbowa";"2024";9,4;"%";"";
1400000;"MAZOWIECKIE";"4 kwartał";"wyższe";"wartość liczbowa";"2015";33,6;"%";"";
1400000;"MAZOWIECKIE";"4 kwartał";"wyższe";"wartość liczbowa";"2016";34,9;"%";"";
1400000;"MAZOWIECKIE";"4 kwartał";"wyższe";"wartość liczbowa";"2017";37,4;"%";"";
1400000;"MAZOWIECKIE";"4 kwartał";"wyższe";"wartość liczbowa";"2018";37,5;"%";"";
1400000;"MAZOWIECKIE";"4 kwartał";"wyższe";"wartość liczbowa";"2019";39,7;"%";"";
1400000;"MAZOWIECKIE";"4 kwartał";"wyższe";"wartość liczbowa";"2020";38,9;"%";"";
1400000;"MAZOWIECKIE";"4 kwartał";"wyższe";"wartość liczbowa";"2021";40,3;"%";"";
1400000;"MAZOWIECKIE";"4 kwartał";"wyższe";"wartość liczbowa";"2022";42,6;"%";"";
1400000;"MAZOWIECKIE";"4 kwartał";"wyższe";"wartość liczbowa";"2023";45,1;"%";"";
1400000;"MAZOWIECKIE";"4 kwartał";"wyższe";"wartość liczbowa";"2024";46,5;"%";"";
1400000;"MAZOWIECKIE";"4 kwartał";"policealne oraz średnie zawodowe/branżowe";"wartość liczbowa";"2015";21,0;"%";"";
1400000;"MAZOWIECKIE";"4 kwartał";"policealne oraz średnie zawodowe/branżowe";"wartość liczbowa";"2016";21,0;"%";"";
1400000;"MAZOWIECKIE";"4 kwartał";"policealne oraz średnie zawodowe/branżowe";"wartość liczbowa";"2017";22,0;"%";"";
1400000;"MAZOWIECKIE";"4 kwartał";"policealne oraz średnie zawodowe/branżowe";"wartość liczbowa";"2018";21,5;"%";"";
1400000;"MAZOWIECKIE";"4 kwartał";"policealne oraz średnie zawodowe/branżowe";"wartość liczbowa";"2019";20,6;"%";"";
1400000;"MAZOWIECKIE";"4 kwartał";"policealne oraz średnie zawodowe/branżowe";"wartość liczbowa";"2020";21,5;"%";"";
1400000;"MAZOWIECKIE";"4 kwartał";"policealne oraz średnie zawodowe/branżowe";"wartość liczbowa";"2021";21,3;"%";"";
1400000;"MAZOWIECKIE";"4 kwartał";"policealne oraz średnie zawodowe/branżowe";"wartość liczbowa";"2022";20,0;"%";"";
1400000;"MAZOWIECKIE";"4 kwartał";"policealne oraz średnie zawodowe/branżowe";"wartość liczbowa";"2023";19,3;"%";"";
1400000;"MAZOWIECKIE";"4 kwartał";"policealne oraz średnie zawodowe/branżowe";"wartość liczbowa";"2024";18,1;"%";"";
1400000;"MAZOWIECKIE";"4 kwartał";"średnie ogólnokształcące";"wartość liczbowa";"2015";11,7;"%";"";
1400000;"MAZOWIECKIE";"4 kwartał";"średnie ogólnokształcące";"wartość liczbowa";"2016";11,5;"%";"";
1400000;"MAZOWIECKIE";"4 kwartał";"średnie ogólnokształcące";"wartość liczbowa";"2017";11,1;"%";"";
1400000;"MAZOWIECKIE";"4 kwartał";"średnie ogólnokształcące";"wartość liczbowa";"2018";10,7;"%";"";
1400000;"MAZOWIECKIE";"4 kwartał";"średnie ogólnokształcące";"wartość liczbowa";"2019";11,1;"%";"";
1400000;"MAZOWIECKIE";"4 kwartał";"średnie ogólnokształcące";"wartość liczbowa";"2020";11,1;"%";"";
1400000;"MAZOWIECKIE";"4 kwartał";"średnie ogólnokształcące";"wartość liczbowa";"2021";11,7;"%";"";
1400000;"MAZOWIECKIE";"4 kwartał";"średnie ogólnokształcące";"wartość liczbowa";"2022";13,6;"%";"";
1400000;"MAZOWIECKIE";"4 kwartał";"średnie ogólnokształcące";"wartość liczbowa";"2023";13,4;"%";"";
1400000;"MAZOWIECKIE";"4 kwartał";"średnie ogólnokształcące";"wartość liczbowa";"2024";12,8;"%";"";
1400000;"MAZOWIECKIE";"4 kwartał";"zasadnicze zawodowe/branżowe";"wartość liczbowa";"2015";20,8;"%";"";
1400000;"MAZOWIECKIE";"4 kwartał";"zasadnicze zawodowe/branżowe";"wartość liczbowa";"2016";19,7;"%";"";
1400000;"MAZOWIECKIE";"4 kwartał";"zasadnicze zawodowe/branżowe";"wartość liczbowa";"2017";17,2;"%";"";
1400000;"MAZOWIECKIE";"4 kwartał";"zasadnicze zawodowe/branżowe";"wartość liczbowa";"2018";18,1;"%";"";
1400000;"MAZOWIECKIE";"4 kwartał";"zasadnicze zawodowe/branżowe";"wartość liczbowa";"2019";17,2;"%";"";
1400000;"MAZOWIECKIE";"4 kwartał";"zasadnicze zawodowe/branżowe";"wartość liczbowa";"2020";17,2;"%";"";
1400000;"MAZOWIECKIE";"4 kwartał";"zasadnicze zawodowe/branżowe";"wartość liczbowa";"2021";15,7;"%";"";
1400000;"MAZOWIECKIE";"4 kwartał";"zasadnicze zawodowe/branżowe";"wartość liczbowa";"2022";13,8;"%";"";
1400000;"MAZOWIECKIE";"4 kwartał";"zasadnicze zawodowe/branżowe";"wartość liczbowa";"2023";11,6;"%";"";
1400000;"MAZOWIECKIE";"4 kwartał";"zasadnicze zawodowe/branżowe";"wartość liczbowa";"2024";11,9;"%";"";
1400000;"MAZOWIECKIE";"4 kwartał";"gimnazjalne, podstawowe i niższe";"wartość liczbowa";"2015";12,9;"%";"";
1400000;"MAZOWIECKIE";"4 kwartał";"gimnazjalne, podstawowe i niższe";"wartość liczbowa";"2016";13,0;"%";"";
1400000;"MAZOWIECKIE";"4 kwartał";"gimnazjalne, podstawowe i niższe";"wartość liczbowa";"2017";12,3;"%";"";
1400000;"MAZOWIECKIE";"4 kwartał";"gimnazjalne, podstawowe i niższe";"wartość liczbowa";"2018";12,2;"%";"";
1400000;"MAZOWIECKIE";"4 kwartał";"gimnazjalne, podstawowe i niższe";"wartość liczbowa";"2019";11,4;"%";"";
1400000;"MAZOWIECKIE";"4 kwartał";"gimnazjalne, podstawowe i niższe";"wartość liczbowa";"2020";11,4;"%";"";
1400000;"MAZOWIECKIE";"4 kwartał";"gimnazjalne, podstawowe i niższe";"wartość liczbowa";"2021";10,9;"%";"";
1400000;"MAZOWIECKIE";"4 kwartał";"gimnazjalne, podstawowe i niższe";"wartość liczbowa";"2022";10,1;"%";"";
1400000;"MAZOWIECKIE";"4 kwartał";"gimnazjalne, podstawowe i niższe";"wartość liczbowa";"2023";10,6;"%";"";
1400000;"MAZOWIECKIE";"4 kwartał";"gimnazjalne, podstawowe i niższe";"wartość liczbowa";"2024";10,6;"%";"";
3000000;"WIELKOPOLSKIE";"1 kwartał";"wyższe";"wartość liczbowa";"2015";22,6;"%";"";
3000000;"WIELKOPOLSKIE";"1 kwartał";"wyższe";"wartość liczbowa";"2016";22,5;"%";"";
3000000;"WIELKOPOLSKIE";"1 kwartał";"wyższe";"wartość liczbowa";"2017";22,7;"%";"";
3000000;"WIELKOPOLSKIE";"1 kwartał";"wyższe";"wartość liczbowa";"2018";21,8;"%";"";
3000000;"WIELKOPOLSKIE";"1 kwartał";"wyższe";"wartość liczbowa";"2019";23,4;"%";"";
3000000;"WIELKOPOLSKIE";"1 kwartał";"wyższe";"wartość liczbowa";"2020";25,3;"%";"";
3000000;"WIELKOPOLSKIE";"1 kwartał";"wyższe";"wartość liczbowa";"2021";23,8;"%";"";
3000000;"WIELKOPOLSKIE";"1 kwartał";"wyższe";"wartość liczbowa";"2022";25,8;"%";"";
3000000;"WIELKOPOLSKIE";"1 kwartał";"wyższe";"wartość liczbowa";"2023";28,8;"%";"";
3000000;"WIELKOPOLSKIE";"1 kwartał";"wyższe";"wartość liczbowa";"2024";28,2;"%";"";
3000000;"WIELKOPOLSKIE";"1 kwartał";"policealne oraz średnie zawodowe/branżowe";"wartość liczbowa";"2015";25,1;"%";"";
3000000;"WIELKOPOLSKIE";"1 kwartał";"policealne oraz średnie zawodowe/branżowe";"wartość liczbowa";"2016";23,9;"%";"";
3000000;"WIELKOPOLSKIE";"1 kwartał";"policealne oraz średnie zawodowe/branżowe";"wartość liczbowa";"2017";24,8;"%";"";
3000000;"WIELKOPOLSKIE";"1 kwartał";"policealne oraz średnie zawodowe/branżowe";"wartość liczbowa";"2018";23,9;"%";"";
3000000;"WIELKOPOLSKIE";"1 kwartał";"policealne oraz średnie zawodowe/branżowe";"wartość liczbowa";"2019";25,2;"%";"";
3000000;"WIELKOPOLSKIE";"1 kwartał";"policealne oraz średnie zawodowe/branżowe";"wartość liczbowa";"2020";26,6;"%";"";
3000000;"WIELKOPOLSKIE";"1 kwartał";"policealne oraz średnie zawodowe/branżowe";"wartość liczbowa";"2021";25,5;"%";"";
3000000;"WIELKOPOLSKIE";"1 kwartał";"policealne oraz średnie zawodowe/branżowe";"wartość liczbowa";"2022";24,1;"%";"";
3000000;"WIELKOPOLSKIE";"1 kwartał";"policealne oraz średnie zawodowe/branżowe";"wartość liczbowa";"2023";23,0;"%";"";
3000000;"WIELKOPOLSKIE";"1 kwartał";"policealne oraz średnie zawodowe/branżowe";"wartość liczbowa";"2024";24,1;"%";"";
3000000;"WIELKOPOLSKIE";"1 kwartał";"średnie ogólnokształcące";"wartość liczbowa";"2015";8,7;"%";"";
3000000;"WIELKOPOLSKIE";"1 kwartał";"średnie ogólnokształcące";"wartość liczbowa";"2016";7,7;"%";"";
3000000;"WIELKOPOLSKIE";"1 kwartał";"średnie ogólnokształcące";"wartość liczbowa";"2017";8,4;"%";"";
3000000;"WIELKOPOLSKIE";"1 kwartał";"średnie ogólnokształcące";"wartość liczbowa";"2018";8,3;"%";"";
3000000;"WIELKOPOLSKIE";"1 kwartał";"średnie ogólnokształcące";"wartość liczbowa";"2019";8,2;"%";"";
3000000;"WIELKOPOLSKIE";"1 kwartał";"średnie ogólnokształcące";"wartość liczbowa";"2020";9,5;"%";"";
3000000;"WIELKOPOLSKIE";"1 kwartał";"średnie ogólnokształcące";"wartość liczbowa";"2021";10,9;"%";"";
3000000;"WIELKOPOLSKIE";"1 kwartał";"średnie ogólnokształcące";"wartość liczbowa";"2022";10,6;"%";"";
3000000;"WIELKOPOLSKIE";"1 kwartał";"średnie ogólnokształcące";"wartość liczbowa";"2023";10,9;"%";"";
3000000;"WIELKOPOLSKIE";"1 kwartał";"średnie ogólnokształcące";"wartość liczbowa";"2024";10,4;"%";"";
3000000;"WIELKOPOLSKIE";"1 kwartał";"zasadnicze zawodowe/branżowe";"wartość liczbowa";"2015";29,8;"%";"";
3000000;"WIELKOPOLSKIE";"1 kwartał";"zasadnicze zawodowe/branżowe";"wartość liczbowa";"2016";31,1;"%";"";
3000000;"WIELKOPOLSKIE";"1 kwartał";"zasadnicze zawodowe/branżowe";"wartość liczbowa";"2017";30,3;"%";"";
3000000;"WIELKOPOLSKIE";"1 kwartał";"zasadnicze zawodowe/branżowe";"wartość liczbowa";"2018";31,6;"%";"";
3000000;"WIELKOPOLSKIE";"1 kwartał";"zasadnicze zawodowe/branżowe";"wartość liczbowa";"2019";29,8;"%";"";
3000000;"WIELKOPOLSKIE";"1 kwartał";"zasadnicze zawodowe/branżowe";"wartość liczbowa";"2020";26,4;"%";"";
3000000;"WIELKOPOLSKIE";"1 kwartał";"zasadnicze zawodowe/branżowe";"wartość liczbowa";"2021";27,3;"%";"";
3000000;"WIELKOPOLSKIE";"1 kwartał";"zasadnicze zawodowe/branżowe";"wartość liczbowa";"2022";27,5;"%";"";
3000000;"WIELKOPOLSKIE";"1 kwartał";"zasadnicze zawodowe/branżowe";"wartość liczbowa";"2023";26,5;"%";"";
3000000;"WIELKOPOLSKIE";"1 kwartał";"zasadnicze zawodowe/branżowe";"wartość liczbowa";"2024";24,9;"%";"";
3000000;"WIELKOPOLSKIE";"1 kwartał";"gimnazjalne, podstawowe i niższe";"wartość liczbowa";"2015";13,9;"%";"";
3000000;"WIELKOPOLSKIE";"1 kwartał";"gimnazjalne, podstawowe i niższe";"wartość liczbowa";"2016";14,8;"%";"";
3000000;"WIELKOPOLSKIE";"1 kwartał";"gimnazjalne, podstawowe i niższe";"wartość liczbowa";"2017";13,8;"%";"";
3000000;"WIELKOPOLSKIE";"1 kwartał";"gimnazjalne, podstawowe i niższe";"wartość liczbowa";"2018";14,4;"%";"";
3000000;"WIELKOPOLSKIE";"1 kwartał";"gimnazjalne, podstawowe i niższe";"wartość liczbowa";"2019";13,5;"%";"";
3000000;"WIELKOPOLSKIE";"1 kwartał";"gimnazjalne, podstawowe i niższe";"wartość liczbowa";"2020";12,3;"%";"";
3000000;"WIELKOPOLSKIE";"1 kwartał";"gimnazjalne, podstawowe i niższe";"wartość liczbowa";"2021";12,5;"%";"";
3000000;"WIELKOPOLSKIE";"1 kwartał";"gimnazjalne, podstawowe i niższe";"wartość liczbowa";"2022";12,0;"%";"";
3000000;"WIELKOPOLSKIE";"1 kwartał";"gimnazjalne, podstawowe i niższe";"wartość liczbowa";"2023";10,8;"%";"";
3000000;"WIELKOPOLSKIE";"1 kwartał";"gimnazjalne, podstawowe i niższe";"wartość liczbowa";"2024";12,4;"%";"";
3000000;"WIELKOPOLSKIE";"2 kwartał";"wyższe";"wartość liczbowa";"2015";22,7;"%";"";
3000000;"WIELKOPOLSKIE";"2 kwartał";"wyższe";"wartość liczbowa";"2016";21,8;"%";"";
3000000;"WIELKOPOLSKIE";"2 kwartał";"wyższe";"wartość liczbowa";"2017";22,3;"%";"";
3000000;"WIELKOPOLSKIE";"2 kwartał";"wyższe";"wartość liczbowa";"2018";23,8;"%";"";
3000000;"WIELKOPOLSKIE";"2 kwartał";"wyższe";"wartość liczbowa";"2019";26,2;"%";"";
3000000;"WIELKOPOLSKIE";"2 kwartał";"wyższe";"wartość liczbowa";"2020";24,8;"%";"";
3000000;"WIELKOPOLSKIE";"2 kwartał";"wyższe";"wartość liczbowa";"2021";23,8;"%";"";
3000000;"WIELKOPOLSKIE";"2 kwartał";"wyższe";"wartość liczbowa";"2022";25,2;"%";"";
3000000;"WIELKOPOLSKIE";"2 kwartał";"wyższe";"wartość liczbowa";"2023";30,1;"%";"";
3000000;"WIELKOPOLSKIE";"2 kwartał";"wyższe";"wartość liczbowa";"2024";30,9;"%";"";
3000000;"WIELKOPOLSKIE";"2 kwartał";"policealne oraz średnie zawodowe/branżowe";"wartość liczbowa";"2015";24,8;"%";"";
3000000;"WIELKOPOLSKIE";"2 kwartał";"policealne oraz średnie zawodowe/branżowe";"wartość liczbowa";"2016";25,4;"%";"";
3000000;"WIELKOPOLSKIE";"2 kwartał";"policealne oraz średnie zawodowe/branżowe";"wartość liczbowa";"2017";25,7;"%";"";
3000000;"WIELKOPOLSKIE";"2 kwartał";"policealne oraz średnie zawodowe/branżowe";"wartość liczbowa";"2018";23,1;"%";"";
3000000;"WIELKOPOLSKIE";"2 kwartał";"policealne oraz średnie zawodowe/branżowe";"wartość liczbowa";"2019";22,4;"%";"";
3000000;"WIELKOPOLSKIE";"2 kwartał";"policealne oraz średnie zawodowe/branżowe";"wartość liczbowa";"2020";26,1;"%";"";
3000000;"WIELKOPOLSKIE";"2 kwartał";"policealne oraz średnie zawodowe/branżowe";"wartość liczbowa";"2021";27,2;"%";"";
3000000;"WIELKOPOLSKIE";"2 kwartał";"policealne oraz średnie zawodowe/branżowe";"wartość liczbowa";"2022";24,1;"%";"";
3000000;"WIELKOPOLSKIE";"2 kwartał";"policealne oraz średnie zawodowe/branżowe";"wartość liczbowa";"2023";21,6;"%";"";
3000000;"WIELKOPOLSKIE";"2 kwartał";"policealne oraz średnie zawodowe/branżowe";"wartość liczbowa";"2024";23,3;"%";"";
3000000;"WIELKOPOLSKIE";"2 kwartał";"średnie ogólnokształcące";"wartość liczbowa";"2015";9,5;"%";"";
3000000;"WIELKOPOLSKIE";"2 kwartał";"średnie ogólnokształcące";"wartość liczbowa";"2016";8,7;"%";"";
3000000;"WIELKOPOLSKIE";"2 kwartał";"średnie ogólnokształcące";"wartość liczbowa";"2017";9,1;"%";"";
3000000;"WIELKOPOLSKIE";"2 kwartał";"średnie ogólnokształcące";"wartość liczbowa";"2018";8,4;"%";"";
3000000;"WIELKOPOLSKIE";"2 kwartał";"średnie ogólnokształcące";"wartość liczbowa";"2019";8,8;"%";"";
3000000;"WIELKOPOLSKIE";"2 kwartał";"średnie ogólnokształcące";"wartość liczbowa";"2020";9,7;"%";"";
3000000;"WIELKOPOLSKIE";"2 kwartał";"średnie ogólnokształcące";"wartość liczbowa";"2021";11,1;"%";"";
3000000;"WIELKOPOLSKIE";"2 kwartał";"średnie ogólnokształcące";"wartość liczbowa";"2022";11,1;"%";"";
3000000;"WIELKOPOLSKIE";"2 kwartał";"średnie ogólnokształcące";"wartość liczbowa";"2023";11,7;"%";"";
3000000;"WIELKOPOLSKIE";"2 kwartał";"średnie ogólnokształcące";"wartość liczbowa";"2024";10,4;"%";"";
3000000;"WIELKOPOLSKIE";"2 kwartał";"zasadnicze zawodowe/branżowe";"wartość liczbowa";"2015";28,8;"%";"";
3000000;"WIELKOPOLSKIE";"2 kwartał";"zasadnicze zawodowe/branżowe";"wartość liczbowa";"2016";29,3;"%";"";
3000000;"WIELKOPOLSKIE";"2 kwartał";"zasadnicze zawodowe/branżowe";"wartość liczbowa";"2017";29,6;"%";"";
3000000;"WIELKOPOLSKIE";"2 kwartał";"zasadnicze zawodowe/branżowe";"wartość liczbowa";"2018";32,0;"%";"";
3000000;"WIELKOPOLSKIE";"2 kwartał";"zasadnicze zawodowe/branżowe";"wartość liczbowa";"2019";30,0;"%";"";
3000000;"WIELKOPOLSKIE";"2 kwartał";"zasadnicze zawodowe/branżowe";"wartość liczbowa";"2020";26,6;"%";"";
3000000;"WIELKOPOLSKIE";"2 kwartał";"zasadnicze zawodowe/branżowe";"wartość liczbowa";"2021";27,0;"%";"";
3000000;"WIELKOPOLSKIE";"2 kwartał";"zasadnicze zawodowe/branżowe";"wartość liczbowa";"2022";28,1;"%";"";
3000000;"WIELKOPOLSKIE";"2 kwartał";"zasadnicze zawodowe/branżowe";"wartość liczbowa";"2023";25,7;"%";"";
3000000;"WIELKOPOLSKIE";"2 kwartał";"zasadnicze zawodowe/branżowe";"wartość liczbowa";"2024";23,8;"%";"";
3000000;"WIELKOPOLSKIE";"2 kwartał";"gimnazjalne, podstawowe i niższe";"wartość liczbowa";"2015";14,2;"%";"";
3000000;"WIELKOPOLSKIE";"2 kwartał";"gimnazjalne, podstawowe i niższe";"wartość liczbowa";"2016";14,8;"%";"";
3000000;"WIELKOPOLSKIE";"2 kwartał";"gimnazjalne, podstawowe i niższe";"wartość liczbowa";"2017";13,3;"%";"";
3000000;"WIELKOPOLSKIE";"2 kwartał";"gimnazjalne, podstawowe i niższe";"wartość liczbowa";"2018";12,6;"%";"";
3000000;"WIELKOPOLSKIE";"2 kwartał";"gimnazjalne, podstawowe i niższe";"wartość liczbowa";"2019";12,6;"%";"";
3000000;"WIELKOPOLSKIE";"2 kwartał";"gimnazjalne, podstawowe i niższe";"wartość liczbowa";"2020";12,8;"%";"";
3000000;"WIELKOPOLSKIE";"2 kwartał";"gimnazjalne, podstawowe i niższe";"wartość liczbowa";"2021";10,9;"%";"";
3000000;"WIELKOPOLSKIE";"2 kwartał";"gimnazjalne, podstawowe i niższe";"wartość liczbowa";"2022";11,6;"%";"";
3000000;"WIELKOPOLSKIE";"2 kwartał";"gimnazjalne, podstawowe i niższe";"wartość liczbowa";"2023";10,9;"%";"";
3000000;"WIELKOPOLSKIE";"2 kwartał";"gimnazjalne, podstawowe i niższe";"wartość liczbowa";"2024";11,7;"%";"";
3000000;"WIELKOPOLSKIE";"3 kwartał";"wyższe";"wartość liczbowa";"2015";23,2;"%";"";
3000000;"WIELKOPOLSKIE";"3 kwartał";"wyższe";"wartość liczbowa";"2016";22,7;"%";"";
3000000;"WIELKOPOLSKIE";"3 kwartał";"wyższe";"wartość liczbowa";"2017";22,6;"%";"";
3000000;"WIELKOPOLSKIE";"3 kwartał";"wyższe";"wartość liczbowa";"2018";24,8;"%";"";
3000000;"WIELKOPOLSKIE";"3 kwartał";"wyższe";"wartość liczbowa";"2019";26,9;"%";"";
3000000;"WIELKOPOLSKIE";"3 kwartał";"wyższe";"wartość liczbowa";"2020";27,0;"%";"";
3000000;"WIELKOPOLSKIE";"3 kwartał";"wyższe";"wartość liczbowa";"2021";24,6;"%";"";
3000000;"WIELKOPOLSKIE";"3 kwartał";"wyższe";"wartość liczbowa";"2022";24,7;"%";"";
3000000;"WIELKOPOLSKIE";"3 kwartał";"wyższe";"wartość liczbowa";"2023";30,3;"%";"";
3000000;"WIELKOPOLSKIE";"3 kwartał";"wyższe";"wartość liczbowa";"2024";31,4;"%";"";
3000000;"WIELKOPOLSKIE";"3 kwartał";"policealne oraz średnie zawodowe/branżowe";"wartość liczbowa";"2015";24,8;"%";"";
3000000;"WIELKOPOLSKIE";"3 kwartał";"policealne oraz średnie zawodowe/branżowe";"wartość liczbowa";"2016";25,3;"%";"";
3000000;"WIELKOPOLSKIE";"3 kwartał";"policealne oraz średnie zawodowe/branżowe";"wartość liczbowa";"2017";24,2;"%";"";
3000000;"WIELKOPOLSKIE";"3 kwartał";"policealne oraz średnie zawodowe/branżowe";"wartość liczbowa";"2018";24,2;"%";"";
3000000;"WIELKOPOLSKIE";"3 kwartał";"policealne oraz średnie zawodowe/branżowe";"wartość liczbowa";"2019";24,4;"%";"";
3000000;"WIELKOPOLSKIE";"3 kwartał";"policealne oraz średnie zawodowe/branżowe";"wartość liczbowa";"2020";25,5;"%";"";
3000000;"WIELKOPOLSKIE";"3 kwartał";"policealne oraz średnie zawodowe/branżowe";"wartość liczbowa";"2021";26,6;"%";"";
3000000;"WIELKOPOLSKIE";"3 kwartał";"policealne oraz średnie zawodowe/branżowe";"wartość liczbowa";"2022";26,0;"%";"";
3000000;"WIELKOPOLSKIE";"3 kwartał";"policealne oraz średnie zawodowe/branżowe";"wartość liczbowa";"2023";23,2;"%";"";
3000000;"WIELKOPOLSKIE";"3 kwartał";"policealne oraz średnie zawodowe/branżowe";"wartość liczbowa";"2024";22,3;"%";"";
3000000;"WIELKOPOLSKIE";"3 kwartał";"średnie ogólnokształcące";"wartość liczbowa";"2015";10,3;"%";"";
3000000;"WIELKOPOLSKIE";"3 kwartał";"średnie ogólnokształcące";"wartość liczbowa";"2016";9,5;"%";"";
3000000;"WIELKOPOLSKIE";"3 kwartał";"średnie ogólnokształcące";"wartość liczbowa";"2017";9,6;"%";"";
3000000;"WIELKOPOLSKIE";"3 kwartał";"średnie ogólnokształcące";"wartość liczbowa";"2018";8,7;"%";"";
3000000;"WIELKOPOLSKIE";"3 kwartał";"średnie ogólnokształcące";"wartość liczbowa";"2019";9,3;"%";"";
3000000;"WIELKOPOLSKIE";"3 kwartał";"średnie ogólnokształcące";"wartość liczbowa";"2020";9,9;"%";"";
3000000;"WIELKOPOLSKIE";"3 kwartał";"średnie ogólnokształcące";"wartość liczbowa";"2021";11,3;"%";"";
3000000;"WIELKOPOLSKIE";"3 kwartał";"średnie ogólnokształcące";"wartość liczbowa";"2022";10,1;"%";"";
3000000;"WIELKOPOLSKIE";"3 kwartał";"średnie ogólnokształcące";"wartość liczbowa";"2023";9,8;"%";"";
3000000;"WIELKOPOLSKIE";"3 kwartał";"średnie ogólnokształcące";"wartość liczbowa";"2024";10,1;"%";"";
3000000;"WIELKOPOLSKIE";"3 kwartał";"zasadnicze zawodowe/branżowe";"wartość liczbowa";"2015";27,9;"%";"";
3000000;"WIELKOPOLSKIE";"3 kwartał";"zasadnicze zawodowe/branżowe";"wartość liczbowa";"2016";28,9;"%";"";
3000000;"WIELKOPOLSKIE";"3 kwartał";"zasadnicze zawodowe/branżowe";"wartość liczbowa";"2017";31,7;"%";"";
3000000;"WIELKOPOLSKIE";"3 kwartał";"zasadnicze zawodowe/branżowe";"wartość liczbowa";"2018";30,2;"%";"";
3000000;"WIELKOPOLSKIE";"3 kwartał";"zasadnicze zawodowe/branżowe";"wartość liczbowa";"2019";26,5;"%";"";
3000000;"WIELKOPOLSKIE";"3 kwartał";"zasadnicze zawodowe/branżowe";"wartość liczbowa";"2020";25,8;"%";"";
3000000;"WIELKOPOLSKIE";"3 kwartał";"zasadnicze zawodowe/branżowe";"wartość liczbowa";"2021";28,0;"%";"";
3000000;"WIELKOPOLSKIE";"3 kwartał";"zasadnicze zawodowe/branżowe";"wartość liczbowa";"2022";27,5;"%";"";
3000000;"WIELKOPOLSKIE";"3 kwartał";"zasadnicze zawodowe/branżowe";"wartość liczbowa";"2023";26,1;"%";"";
3000000;"WIELKOPOLSKIE";"3 kwartał";"zasadnicze zawodowe/branżowe";"wartość liczbowa";"2024";25,6;"%";"";
3000000;"WIELKOPOLSKIE";"3 kwartał";"gimnazjalne, podstawowe i niższe";"wartość liczbowa";"2015";13,8;"%";"";
3000000;"WIELKOPOLSKIE";"3 kwartał";"gimnazjalne, podstawowe i niższe";"wartość liczbowa";"2016";13,5;"%";"";
3000000;"WIELKOPOLSKIE";"3 kwartał";"gimnazjalne, podstawowe i niższe";"wartość liczbowa";"2017";12,0;"%";"";
3000000;"WIELKOPOLSKIE";"3 kwartał";"gimnazjalne, podstawowe i niższe";"wartość liczbowa";"2018";12,0;"%";"";
3000000;"WIELKOPOLSKIE";"3 kwartał";"gimnazjalne, podstawowe i niższe";"wartość liczbowa";"2019";12,9;"%";"";
3000000;"WIELKOPOLSKIE";"3 kwartał";"gimnazjalne, podstawowe i niższe";"wartość liczbowa";"2020";11,8;"%";"";
3000000;"WIELKOPOLSKIE";"3 kwartał";"gimnazjalne, podstawowe i niższe";"wartość liczbowa";"2021";9,4;"%";"";
3000000;"WIELKOPOLSKIE";"3 kwartał";"gimnazjalne, podstawowe i niższe";"wartość liczbowa";"2022";11,7;"%";"";
3000000;"WIELKOPOLSKIE";"3 kwartał";"gimnazjalne, podstawowe i niższe";"wartość liczbowa";"2023";10,6;"%";"";
3000000;"WIELKOPOLSKIE";"3 kwartał";"gimnazjalne, podstawowe i niższe";"wartość liczbowa";"2024";10,6;"%";"";
3000000;"WIELKOPOLSKIE";"4 kwartał";"wyższe";"wartość liczbowa";"2015";23,2;"%";"";
3000000;"WIELKOPOLSKIE";"4 kwartał";"wyższe";"wartość liczbowa";"2016";23,4;"%";"";
3000000;"WIELKOPOLSKIE";"4 kwartał";"wyższe";"wartość liczbowa";"2017";22,1;"%";"";
3000000;"WIELKOPOLSKIE";"4 kwartał";"wyższe";"wartość liczbowa";"2018";23,8;"%";"";
3000000;"WIELKOPOLSKIE";"4 kwartał";"wyższe";"wartość liczbowa";"2019";24,7;"%";"";
3000000;"WIELKOPOLSKIE";"4 kwartał";"wyższe";"wartość liczbowa";"2020";25,8;"%";"";
3000000;"WIELKOPOLSKIE";"4 kwartał";"wyższe";"wartość liczbowa";"2021";25,3;"%";"";
3000000;"WIELKOPOLSKIE";"4 kwartał";"wyższe";"wartość liczbowa";"2022";25,2;"%";"";
3000000;"WIELKOPOLSKIE";"4 kwartał";"wyższe";"wartość liczbowa";"2023";28,4;"%";"";
3000000;"WIELKOPOLSKIE";"4 kwartał";"wyższe";"wartość liczbowa";"2024";29,9;"%";"";
3000000;"WIELKOPOLSKIE";"4 kwartał";"policealne oraz średnie zawodowe/branżowe";"wartość liczbowa";"2015";24,6;"%";"";
3000000;"WIELKOPOLSKIE";"4 kwartał";"policealne oraz średnie zawodowe/branżowe";"wartość liczbowa";"2016";24,0;"%";"";
3000000;"WIELKOPOLSKIE";"4 kwartał";"policealne oraz średnie zawodowe/branżowe";"wartość liczbowa";"2017";23,9;"%";"";
3000000;"WIELKOPOLSKIE";"4 kwartał";"policealne oraz średnie zawodowe/branżowe";"wartość liczbowa";"2018";26,6;"%";"";
3000000;"WIELKOPOLSKIE";"4 kwartał";"policealne oraz średnie zawodowe/branżowe";"wartość liczbowa";"2019";27,3;"%";"";
3000000;"WIELKOPOLSKIE";"4 kwartał";"policealne oraz średnie zawodowe/branżowe";"wartość liczbowa";"2020";24,1;"%";"";
3000000;"WIELKOPOLSKIE";"4 kwartał";"policealne oraz średnie zawodowe/branżowe";"wartość liczbowa";"2021";25,4;"%";"";
3000000;"WIELKOPOLSKIE";"4 kwartał";"policealne oraz średnie zawodowe/branżowe";"wartość liczbowa";"2022";25,5;"%";"";
3000000;"WIELKOPOLSKIE";"4 kwartał";"policealne oraz średnie zawodowe/branżowe";"wartość liczbowa";"2023";24,7;"%";"";
3000000;"WIELKOPOLSKIE";"4 kwartał";"policealne oraz średnie zawodowe/branżowe";"wartość liczbowa";"2024";22,8;"%";"";
3000000;"WIELKOPOLSKIE";"4 kwartał";"średnie ogólnokształcące";"wartość liczbowa";"2015";8,4;"%";"";
3000000;"WIELKOPOLSKIE";"4 kwartał";"średnie ogólnokształcące";"wartość liczbowa";"2016";8,3;"%";"";
3000000;"WIELKOPOLSKIE";"4 kwartał";"średnie ogólnokształcące";"wartość liczbowa";"2017";9,1;"%";"";
3000000;"WIELKOPOLSKIE";"4 kwartał";"średnie ogólnokształcące";"wartość liczbowa";"2018";8,5;"%";"";
3000000;"WIELKOPOLSKIE";"4 kwartał";"średnie ogólnokształcące";"wartość liczbowa";"2019";9,2;"%";"";
3000000;"WIELKOPOLSKIE";"4 kwartał";"średnie ogólnokształcące";"wartość liczbowa";"2020";10,3;"%";"";
3000000;"WIELKOPOLSKIE";"4 kwartał";"średnie ogólnokształcące";"wartość liczbowa";"2021";10,6;"%";"";
3000000;"WIELKOPOLSKIE";"4 kwartał";"średnie ogólnokształcące";"wartość liczbowa";"2022";10,3;"%";"";
3000000;"WIELKOPOLSKIE";"4 kwartał";"średnie ogólnokształcące";"wartość liczbowa";"2023";8,7;"%";"";
3000000;"WIELKOPOLSKIE";"4 kwartał";"średnie ogólnokształcące";"wartość liczbowa";"2024";10,8;"%";"";
3000000;"WIELKOPOLSKIE";"4 kwartał";"zasadnicze zawodowe/branżowe";"wartość liczbowa";"2015";30,3;"%";"";
3000000;"WIELKOPOLSKIE";"4 kwartał";"zasadnicze zawodowe/branżowe";"wartość liczbowa";"2016";30,3;"%";"";
3000000;"WIELKOPOLSKIE";"4 kwartał";"zasadnicze zawodowe/branżowe";"wartość liczbowa";"2017";31,8;"%";"";
3000000;"WIELKOPOLSKIE";"4 kwartał";"zasadnicze zawodowe/branżowe";"wartość liczbowa";"2018";28,4;"%";"";
3000000;"WIELKOPOLSKIE";"4 kwartał";"zasadnicze zawodowe/branżowe";"wartość liczbowa";"2019";26,4;"%";"";
3000000;"WIELKOPOLSKIE";"4 kwartał";"zasadnicze zawodowe/branżowe";"wartość liczbowa";"2020";27,5;"%";"";
3000000;"WIELKOPOLSKIE";"4 kwartał";"zasadnicze zawodowe/branżowe";"wartość liczbowa";"2021";27,8;"%";"";
3000000;"WIELKOPOLSKIE";"4 kwartał";"zasadnicze zawodowe/branżowe";"wartość liczbowa";"2022";27,4;"%";"";
3000000;"WIELKOPOLSKIE";"4 kwartał";"zasadnicze zawodowe/branżowe";"wartość liczbowa";"2023";26,4;"%";"";
3000000;"WIELKOPOLSKIE";"4 kwartał";"zasadnicze zawodowe/branżowe";"wartość liczbowa";"2024";24,9;"%";"";
3000000;"WIELKOPOLSKIE";"4 kwartał";"gimnazjalne, podstawowe i niższe";"wartość liczbowa";"2015";13,5;"%";"";
3000000;"WIELKOPOLSKIE";"4 kwartał";"gimnazjalne, podstawowe i niższe";"wartość liczbowa";"2016";13,9;"%";"";
3000000;"WIELKOPOLSKIE";"4 kwartał";"gimnazjalne, podstawowe i niższe";"wartość liczbowa";"2017";13,2;"%";"";
3000000;"WIELKOPOLSKIE";"4 kwartał";"gimnazjalne, podstawowe i niższe";"wartość liczbowa";"2018";12,8;"%";"";
3000000;"WIELKOPOLSKIE";"4 kwartał";"gimnazjalne, podstawowe i niższe";"wartość liczbowa";"2019";12,4;"%";"";
3000000;"WIELKOPOLSKIE";"4 kwartał";"gimnazjalne, podstawowe i niższe";"wartość liczbowa";"2020";12,3;"%";"";
3000000;"WIELKOPOLSKIE";"4 kwartał";"gimnazjalne, podstawowe i niższe";"wartość liczbowa";"2021";10,9;"%";"";
3000000;"WIELKOPOLSKIE";"4 kwartał";"gimnazjalne, podstawowe i niższe";"wartość liczbowa";"2022";11,6;"%";"";
3000000;"WIELKOPOLSKIE";"4 kwartał";"gimnazjalne, podstawowe i niższe";"wartość liczbowa";"2023";11,8;"%";"";
3000000;"WIELKOPOLSKIE";"4 kwartał";"gimnazjalne, podstawowe i niższe";"wartość liczbowa";"2024";11,5;"%";"";
3200000;"ZACHODNIOPOMORSKIE";"1 kwartał";"wyższe";"wartość liczbowa";"2015";21,2;"%";"";
3200000;"ZACHODNIOPOMORSKIE";"1 kwartał";"wyższe";"wartość liczbowa";"2016";21,3;"%";"";
3200000;"ZACHODNIOPOMORSKIE";"1 kwartał";"wyższe";"wartość liczbowa";"2017";23,5;"%";"";
3200000;"ZACHODNIOPOMORSKIE";"1 kwartał";"wyższe";"wartość liczbowa";"2018";26,5;"%";"";
3200000;"ZACHODNIOPOMORSKIE";"1 kwartał";"wyższe";"wartość liczbowa";"2019";26,1;"%";"";
3200000;"ZACHODNIOPOMORSKIE";"1 kwartał";"wyższe";"wartość liczbowa";"2020";26,1;"%";"";
3200000;"ZACHODNIOPOMORSKIE";"1 kwartał";"wyższe";"wartość liczbowa";"2021";27,3;"%";"";
3200000;"ZACHODNIOPOMORSKIE";"1 kwartał";"wyższe";"wartość liczbowa";"2022";27,3;"%";"";
3200000;"ZACHODNIOPOMORSKIE";"1 kwartał";"wyższe";"wartość liczbowa";"2023";29,9;"%";"";
3200000;"ZACHODNIOPOMORSKIE";"1 kwartał";"wyższe";"wartość liczbowa";"2024";33,7;"%";"";
3200000;"ZACHODNIOPOMORSKIE";"1 kwartał";"policealne oraz średnie zawodowe/branżowe";"wartość liczbowa";"2015";21,4;"%";"";
3200000;"ZACHODNIOPOMORSKIE";"1 kwartał";"policealne oraz średnie zawodowe/branżowe";"wartość liczbowa";"2016";22,7;"%";"";
3200000;"ZACHODNIOPOMORSKIE";"1 kwartał";"policealne oraz średnie zawodowe/branżowe";"wartość liczbowa";"2017";21,7;"%";"";
3200000;"ZACHODNIOPOMORSKIE";"1 kwartał";"policealne oraz średnie zawodowe/branżowe";"wartość liczbowa";"2018";22,3;"%";"";
3200000;"ZACHODNIOPOMORSKIE";"1 kwartał";"policealne oraz średnie zawodowe/branżowe";"wartość liczbowa";"2019";23,3;"%";"";
3200000;"ZACHODNIOPOMORSKIE";"1 kwartał";"policealne oraz średnie zawodowe/branżowe";"wartość liczbowa";"2020";24,9;"%";"";
3200000;"ZACHODNIOPOMORSKIE";"1 kwartał";"policealne oraz średnie zawodowe/branżowe";"wartość liczbowa";"2021";24,3;"%";"";
3200000;"ZACHODNIOPOMORSKIE";"1 kwartał";"policealne oraz średnie zawodowe/branżowe";"wartość liczbowa";"2022";22,9;"%";"";
3200000;"ZACHODNIOPOMORSKIE";"1 kwartał";"policealne oraz średnie zawodowe/branżowe";"wartość liczbowa";"2023";22,7;"%";"";
3200000;"ZACHODNIOPOMORSKIE";"1 kwartał";"policealne oraz średnie zawodowe/branżowe";"wartość liczbowa";"2024";22,6;"%";"";
3200000;"ZACHODNIOPOMORSKIE";"1 kwartał";"średnie ogólnokształcące";"wartość liczbowa";"2015";11,4;"%";"";
3200000;"ZACHODNIOPOMORSKIE";"1 kwartał";"średnie ogólnokształcące";"wartość liczbowa";"2016";12,4;"%";"";
3200000;"ZACHODNIOPOMORSKIE";"1 kwartał";"średnie ogólnokształcące";"wartość liczbowa";"2017";11,4;"%";"";
3200000;"ZACHODNIOPOMORSKIE";"1 kwartał";"średnie ogólnokształcące";"wartość liczbowa";"2018";12,7;"%";"";
3200000;"ZACHODNIOPOMORSKIE";"1 kwartał";"średnie ogólnokształcące";"wartość liczbowa";"2019";12,7;"%";"";
3200000;"ZACHODNIOPOMORSKIE";"1 kwartał";"średnie ogólnokształcące";"wartość liczbowa";"2020";13,0;"%";"";
3200000;"ZACHODNIOPOMORSKIE";"1 kwartał";"średnie ogólnokształcące";"wartość liczbowa";"2021";12,7;"%";"";
3200000;"ZACHODNIOPOMORSKIE";"1 kwartał";"średnie ogólnokształcące";"wartość liczbowa";"2022";13,2;"%";"";
3200000;"ZACHODNIOPOMORSKIE";"1 kwartał";"średnie ogólnokształcące";"wartość liczbowa";"2023";13,2;"%";"";
3200000;"ZACHODNIOPOMORSKIE";"1 kwartał";"średnie ogólnokształcące";"wartość liczbowa";"2024";12,7;"%";"";
3200000;"ZACHODNIOPOMORSKIE";"1 kwartał";"zasadnicze zawodowe/branżowe";"wartość liczbowa";"2015";26,3;"%";"";
3200000;"ZACHODNIOPOMORSKIE";"1 kwartał";"zasadnicze zawodowe/branżowe";"wartość liczbowa";"2016";25,2;"%";"";
3200000;"ZACHODNIOPOMORSKIE";"1 kwartał";"zasadnicze zawodowe/branżowe";"wartość liczbowa";"2017";24,9;"%";"";
3200000;"ZACHODNIOPOMORSKIE";"1 kwartał";"zasadnicze zawodowe/branżowe";"wartość liczbowa";"2018";22,6;"%";"";
3200000;"ZACHODNIOPOMORSKIE";"1 kwartał";"zasadnicze zawodowe/branżowe";"wartość liczbowa";"2019";22,2;"%";"";
3200000;"ZACHODNIOPOMORSKIE";"1 kwartał";"zasadnicze zawodowe/branżowe";"wartość liczbowa";"2020";21,5;"%";"";
3200000;"ZACHODNIOPOMORSKIE";"1 kwartał";"zasadnicze zawodowe/branżowe";"wartość liczbowa";"2021";20,9;"%";"";
3200000;"ZACHODNIOPOMORSKIE";"1 kwartał";"zasadnicze zawodowe/branżowe";"wartość liczbowa";"2022";22,9;"%";"";
3200000;"ZACHODNIOPOMORSKIE";"1 kwartał";"zasadnicze zawodowe/branżowe";"wartość liczbowa";"2023";20,0;"%";"";
3200000;"ZACHODNIOPOMORSKIE";"1 kwartał";"zasadnicze zawodowe/branżowe";"wartość liczbowa";"2024";17,6;"%";"";
3200000;"ZACHODNIOPOMORSKIE";"1 kwartał";"gimnazjalne, podstawowe i niższe";"wartość liczbowa";"2015";19,8;"%";"";
3200000;"ZACHODNIOPOMORSKIE";"1 kwartał";"gimnazjalne, podstawowe i niższe";"wartość liczbowa";"2016";18,3;"%";"";
3200000;"ZACHODNIOPOMORSKIE";"1 kwartał";"gimnazjalne, podstawowe i niższe";"wartość liczbowa";"2017";18,5;"%";"";
3200000;"ZACHODNIOPOMORSKIE";"1 kwartał";"gimnazjalne, podstawowe i niższe";"wartość liczbowa";"2018";15,9;"%";"";
3200000;"ZACHODNIOPOMORSKIE";"1 kwartał";"gimnazjalne, podstawowe i niższe";"wartość liczbowa";"2019";15,7;"%";"";
3200000;"ZACHODNIOPOMORSKIE";"1 kwartał";"gimnazjalne, podstawowe i niższe";"wartość liczbowa";"2020";14,5;"%";"";
3200000;"ZACHODNIOPOMORSKIE";"1 kwartał";"gimnazjalne, podstawowe i niższe";"wartość liczbowa";"2021";14,8;"%";"";
3200000;"ZACHODNIOPOMORSKIE";"1 kwartał";"gimnazjalne, podstawowe i niższe";"wartość liczbowa";"2022";13,5;"%";"";
3200000;"ZACHODNIOPOMORSKIE";"1 kwartał";"gimnazjalne, podstawowe i niższe";"wartość liczbowa";"2023";14,1;"%";"";
3200000;"ZACHODNIOPOMORSKIE";"1 kwartał";"gimnazjalne, podstawowe i niższe";"wartość liczbowa";"2024";13,5;"%";"";
3200000;"ZACHODNIOPOMORSKIE";"2 kwartał";"wyższe";"wartość liczbowa";"2015";21,5;"%";"";
3200000;"ZACHODNIOPOMORSKIE";"2 kwartał";"wyższe";"wartość liczbowa";"2016";22,7;"%";"";
3200000;"ZACHODNIOPOMORSKIE";"2 kwartał";"wyższe";"wartość liczbowa";"2017";23,3;"%";"";
3200000;"ZACHODNIOPOMORSKIE";"2 kwartał";"wyższe";"wartość liczbowa";"2018";26,0;"%";"";
3200000;"ZACHODNIOPOMORSKIE";"2 kwartał";"wyższe";"wartość liczbowa";"2019";27,9;"%";"";
3200000;"ZACHODNIOPOMORSKIE";"2 kwartał";"wyższe";"wartość liczbowa";"2020";26,0;"%";"";
3200000;"ZACHODNIOPOMORSKIE";"2 kwartał";"wyższe";"wartość liczbowa";"2021";25,9;"%";"";
3200000;"ZACHODNIOPOMORSKIE";"2 kwartał";"wyższe";"wartość liczbowa";"2022";28,9;"%";"";
3200000;"ZACHODNIOPOMORSKIE";"2 kwartał";"wyższe";"wartość liczbowa";"2023";32,8;"%";"";
3200000;"ZACHODNIOPOMORSKIE";"2 kwartał";"wyższe";"wartość liczbowa";"2024";33,6;"%";"";
3200000;"ZACHODNIOPOMORSKIE";"2 kwartał";"policealne oraz średnie zawodowe/branżowe";"wartość liczbowa";"2015";22,9;"%";"";
3200000;"ZACHODNIOPOMORSKIE";"2 kwartał";"policealne oraz średnie zawodowe/branżowe";"wartość liczbowa";"2016";21,9;"%";"";
3200000;"ZACHODNIOPOMORSKIE";"2 kwartał";"policealne oraz średnie zawodowe/branżowe";"wartość liczbowa";"2017";22,9;"%";"";
3200000;"ZACHODNIOPOMORSKIE";"2 kwartał";"policealne oraz średnie zawodowe/branżowe";"wartość liczbowa";"2018";21,8;"%";"";
3200000;"ZACHODNIOPOMORSKIE";"2 kwartał";"policealne oraz średnie zawodowe/branżowe";"wartość liczbowa";"2019";21,3;"%";"";
3200000;"ZACHODNIOPOMORSKIE";"2 kwartał";"policealne oraz średnie zawodowe/branżowe";"wartość liczbowa";"2020";25,2;"%";"";
3200000;"ZACHODNIOPOMORSKIE";"2 kwartał";"policealne oraz średnie zawodowe/branżowe";"wartość liczbowa";"2021";24,1;"%";"";
3200000;"ZACHODNIOPOMORSKIE";"2 kwartał";"policealne oraz średnie zawodowe/branżowe";"wartość liczbowa";"2022";22,9;"%";"";
3200000;"ZACHODNIOPOMORSKIE";"2 kwartał";"policealne oraz średnie zawodowe/branżowe";"wartość liczbowa";"2023";21,6;"%";"";
3200000;"ZACHODNIOPOMORSKIE";"2 kwartał";"policealne oraz średnie zawodowe/branżowe";"wartość liczbowa";"2024";20,0;"%";"";
3200000;"ZACHODNIOPOMORSKIE";"2 kwartał";"średnie ogólnokształcące";"wartość liczbowa";"2015";10,6;"%";"";
3200000;"ZACHODNIOPOMORSKIE";"2 kwartał";"średnie ogólnokształcące";"wartość liczbowa";"2016";10,8;"%";"";
3200000;"ZACHODNIOPOMORSKIE";"2 kwartał";"średnie ogólnokształcące";"wartość liczbowa";"2017";11,0;"%";"";
3200000;"ZACHODNIOPOMORSKIE";"2 kwartał";"średnie ogólnokształcące";"wartość liczbowa";"2018";11,8;"%";"";
3200000;"ZACHODNIOPOMORSKIE";"2 kwartał";"średnie ogólnokształcące";"wartość liczbowa";"2019";11,8;"%";"";
3200000;"ZACHODNIOPOMORSKIE";"2 kwartał";"średnie ogólnokształcące";"wartość liczbowa";"2020";12,0;"%";"";
3200000;"ZACHODNIOPOMORSKIE";"2 kwartał";"średnie ogólnokształcące";"wartość liczbowa";"2021";13,2;"%";"";
3200000;"ZACHODNIOPOMORSKIE";"2 kwartał";"średnie ogólnokształcące";"wartość liczbowa";"2022";11,7;"%";"";
3200000;"ZACHODNIOPOMORSKIE";"2 kwartał";"średnie ogólnokształcące";"wartość liczbowa";"2023";12,2;"%";"";
3200000;"ZACHODNIOPOMORSKIE";"2 kwartał";"średnie ogólnokształcące";"wartość liczbowa";"2024";13,1;"%";"";
3200000;"ZACHODNIOPOMORSKIE";"2 kwartał";"zasadnicze zawodowe/branżowe";"wartość liczbowa";"2015";25,3;"%";"";
3200000;"ZACHODNIOPOMORSKIE";"2 kwartał";"zasadnicze zawodowe/branżowe";"wartość liczbowa";"2016";25,3;"%";"";
3200000;"ZACHODNIOPOMORSKIE";"2 kwartał";"zasadnicze zawodowe/branżowe";"wartość liczbowa";"2017";24,3;"%";"";
3200000;"ZACHODNIOPOMORSKIE";"2 kwartał";"zasadnicze zawodowe/branżowe";"wartość liczbowa";"2018";23,6;"%";"";
3200000;"ZACHODNIOPOMORSKIE";"2 kwartał";"zasadnicze zawodowe/branżowe";"wartość liczbowa";"2019";22,3;"%";"";
3200000;"ZACHODNIOPOMORSKIE";"2 kwartał";"zasadnicze zawodowe/branżowe";"wartość liczbowa";"2020";21,1;"%";"";
3200000;"ZACHODNIOPOMORSKIE";"2 kwartał";"zasadnicze zawodowe/branżowe";"wartość liczbowa";"2021";21,0;"%";"";
3200000;"ZACHODNIOPOMORSKIE";"2 kwartał";"zasadnicze zawodowe/branżowe";"wartość liczbowa";"2022";20,9;"%";"";
3200000;"ZACHODNIOPOMORSKIE";"2 kwartał";"zasadnicze zawodowe/branżowe";"wartość liczbowa";"2023";19,1;"%";"";
3200000;"ZACHODNIOPOMORSKIE";"2 kwartał";"zasadnicze zawodowe/branżowe";"wartość liczbowa";"2024";19,9;"%";"";
3200000;"ZACHODNIOPOMORSKIE";"2 kwartał";"gimnazjalne, podstawowe i niższe";"wartość liczbowa";"2015";19,7;"%";"";
3200000;"ZACHODNIOPOMORSKIE";"2 kwartał";"gimnazjalne, podstawowe i niższe";"wartość liczbowa";"2016";19,2;"%";"";
3200000;"ZACHODNIOPOMORSKIE";"2 kwartał";"gimnazjalne, podstawowe i niższe";"wartość liczbowa";"2017";18,4;"%";"";
3200000;"ZACHODNIOPOMORSKIE";"2 kwartał";"gimnazjalne, podstawowe i niższe";"wartość liczbowa";"2018";16,7;"%";"";
3200000;"ZACHODNIOPOMORSKIE";"2 kwartał";"gimnazjalne, podstawowe i niższe";"wartość liczbowa";"2019";16,6;"%";"";
3200000;"ZACHODNIOPOMORSKIE";"2 kwartał";"gimnazjalne, podstawowe i niższe";"wartość liczbowa";"2020";15,7;"%";"";
3200000;"ZACHODNIOPOMORSKIE";"2 kwartał";"gimnazjalne, podstawowe i niższe";"wartość liczbowa";"2021";15,8;"%";"";
3200000;"ZACHODNIOPOMORSKIE";"2 kwartał";"gimnazjalne, podstawowe i niższe";"wartość liczbowa";"2022";15,6;"%";"";
3200000;"ZACHODNIOPOMORSKIE";"2 kwartał";"gimnazjalne, podstawowe i niższe";"wartość liczbowa";"2023";14,2;"%";"";
3200000;"ZACHODNIOPOMORSKIE";"2 kwartał";"gimnazjalne, podstawowe i niższe";"wartość liczbowa";"2024";13,5;"%";"";
3200000;"ZACHODNIOPOMORSKIE";"3 kwartał";"wyższe";"wartość liczbowa";"2015";21,9;"%";"";
3200000;"ZACHODNIOPOMORSKIE";"3 kwartał";"wyższe";"wartość liczbowa";"2016";23,4;"%";"";
3200000;"ZACHODNIOPOMORSKIE";"3 kwartał";"wyższe";"wartość liczbowa";"2017";23,1;"%";"";
3200000;"ZACHODNIOPOMORSKIE";"3 kwartał";"wyższe";"wartość liczbowa";"2018";24,4;"%";"";
3200000;"ZACHODNIOPOMORSKIE";"3 kwartał";"wyższe";"wartość liczbowa";"2019";25,4;"%";"";
3200000;"ZACHODNIOPOMORSKIE";"3 kwartał";"wyższe";"wartość liczbowa";"2020";25,5;"%";"";
3200000;"ZACHODNIOPOMORSKIE";"3 kwartał";"wyższe";"wartość liczbowa";"2021";25,6;"%";"";
3200000;"ZACHODNIOPOMORSKIE";"3 kwartał";"wyższe";"wartość liczbowa";"2022";29,1;"%";"";
3200000;"ZACHODNIOPOMORSKIE";"3 kwartał";"wyższe";"wartość liczbowa";"2023";32,7;"%";"";
3200000;"ZACHODNIOPOMORSKIE";"3 kwartał";"wyższe";"wartość liczbowa";"2024";35,1;"%";"";
3200000;"ZACHODNIOPOMORSKIE";"3 kwartał";"policealne oraz średnie zawodowe/branżowe";"wartość liczbowa";"2015";23,6;"%";"";
3200000;"ZACHODNIOPOMORSKIE";"3 kwartał";"policealne oraz średnie zawodowe/branżowe";"wartość liczbowa";"2016";22,9;"%";"";
3200000;"ZACHODNIOPOMORSKIE";"3 kwartał";"policealne oraz średnie zawodowe/branżowe";"wartość liczbowa";"2017";23,5;"%";"";
3200000;"ZACHODNIOPOMORSKIE";"3 kwartał";"policealne oraz średnie zawodowe/branżowe";"wartość liczbowa";"2018";22,7;"%";"";
3200000;"ZACHODNIOPOMORSKIE";"3 kwartał";"policealne oraz średnie zawodowe/branżowe";"wartość liczbowa";"2019";22,1;"%";"";
3200000;"ZACHODNIOPOMORSKIE";"3 kwartał";"policealne oraz średnie zawodowe/branżowe";"wartość liczbowa";"2020";23,1;"%";"";
3200000;"ZACHODNIOPOMORSKIE";"3 kwartał";"policealne oraz średnie zawodowe/branżowe";"wartość liczbowa";"2021";24,1;"%";"";
3200000;"ZACHODNIOPOMORSKIE";"3 kwartał";"policealne oraz średnie zawodowe/branżowe";"wartość liczbowa";"2022";22,3;"%";"";
3200000;"ZACHODNIOPOMORSKIE";"3 kwartał";"policealne oraz średnie zawodowe/branżowe";"wartość liczbowa";"2023";19,9;"%";"";
3200000;"ZACHODNIOPOMORSKIE";"3 kwartał";"policealne oraz średnie zawodowe/branżowe";"wartość liczbowa";"2024";18,9;"%";"";
3200000;"ZACHODNIOPOMORSKIE";"3 kwartał";"średnie ogólnokształcące";"wartość liczbowa";"2015";11,1;"%";"";
3200000;"ZACHODNIOPOMORSKIE";"3 kwartał";"średnie ogólnokształcące";"wartość liczbowa";"2016";10,0;"%";"";
3200000;"ZACHODNIOPOMORSKIE";"3 kwartał";"średnie ogólnokształcące";"wartość liczbowa";"2017";11,9;"%";"";
3200000;"ZACHODNIOPOMORSKIE";"3 kwartał";"średnie ogólnokształcące";"wartość liczbowa";"2018";11,5;"%";"";
3200000;"ZACHODNIOPOMORSKIE";"3 kwartał";"średnie ogólnokształcące";"wartość liczbowa";"2019";12,2;"%";"";
3200000;"ZACHODNIOPOMORSKIE";"3 kwartał";"średnie ogólnokształcące";"wartość liczbowa";"2020";13,0;"%";"";
3200000;"ZACHODNIOPOMORSKIE";"3 kwartał";"średnie ogólnokształcące";"wartość liczbowa";"2021";12,4;"%";"";
3200000;"ZACHODNIOPOMORSKIE";"3 kwartał";"średnie ogólnokształcące";"wartość liczbowa";"2022";12,0;"%";"";
3200000;"ZACHODNIOPOMORSKIE";"3 kwartał";"średnie ogólnokształcące";"wartość liczbowa";"2023";13,9;"%";"";
3200000;"ZACHODNIOPOMORSKIE";"3 kwartał";"średnie ogólnokształcące";"wartość liczbowa";"2024";14,8;"%";"";
3200000;"ZACHODNIOPOMORSKIE";"3 kwartał";"zasadnicze zawodowe/branżowe";"wartość liczbowa";"2015";25,3;"%";"";
3200000;"ZACHODNIOPOMORSKIE";"3 kwartał";"zasadnicze zawodowe/branżowe";"wartość liczbowa";"2016";26,1;"%";"";
3200000;"ZACHODNIOPOMORSKIE";"3 kwartał";"zasadnicze zawodowe/branżowe";"wartość liczbowa";"2017";25,4;"%";"";
3200000;"ZACHODNIOPOMORSKIE";"3 kwartał";"zasadnicze zawodowe/branżowe";"wartość liczbowa";"2018";25,0;"%";"";
3200000;"ZACHODNIOPOMORSKIE";"3 kwartał";"zasadnicze zawodowe/branżowe";"wartość liczbowa";"2019";23,3;"%";"";
3200000;"ZACHODNIOPOMORSKIE";"3 kwartał";"zasadnicze zawodowe/branżowe";"wartość liczbowa";"2020";23,1;"%";"";
3200000;"ZACHODNIOPOMORSKIE";"3 kwartał";"zasadnicze zawodowe/branżowe";"wartość liczbowa";"2021";22,5;"%";"";
3200000;"ZACHODNIOPOMORSKIE";"3 kwartał";"zasadnicze zawodowe/branżowe";"wartość liczbowa";"2022";21,6;"%";"";
3200000;"ZACHODNIOPOMORSKIE";"3 kwartał";"zasadnicze zawodowe/branżowe";"wartość liczbowa";"2023";19,3;"%";"";
3200000;"ZACHODNIOPOMORSKIE";"3 kwartał";"zasadnicze zawodowe/branżowe";"wartość liczbowa";"2024";19,1;"%";"";
3200000;"ZACHODNIOPOMORSKIE";"3 kwartał";"gimnazjalne, podstawowe i niższe";"wartość liczbowa";"2015";18,1;"%";"";
3200000;"ZACHODNIOPOMORSKIE";"3 kwartał";"gimnazjalne, podstawowe i niższe";"wartość liczbowa";"2016";17,5;"%";"";
3200000;"ZACHODNIOPOMORSKIE";"3 kwartał";"gimnazjalne, podstawowe i niższe";"wartość liczbowa";"2017";16,1;"%";"";
3200000;"ZACHODNIOPOMORSKIE";"3 kwartał";"gimnazjalne, podstawowe i niższe";"wartość liczbowa";"2018";16,5;"%";"";
3200000;"ZACHODNIOPOMORSKIE";"3 kwartał";"gimnazjalne, podstawowe i niższe";"wartość liczbowa";"2019";17,1;"%";"";
3200000;"ZACHODNIOPOMORSKIE";"3 kwartał";"gimnazjalne, podstawowe i niższe";"wartość liczbowa";"2020";15,3;"%";"";
3200000;"ZACHODNIOPOMORSKIE";"3 kwartał";"gimnazjalne, podstawowe i niższe";"wartość liczbowa";"2021";15,4;"%";"";
3200000;"ZACHODNIOPOMORSKIE";"3 kwartał";"gimnazjalne, podstawowe i niższe";"wartość liczbowa";"2022";14,9;"%";"";
3200000;"ZACHODNIOPOMORSKIE";"3 kwartał";"gimnazjalne, podstawowe i niższe";"wartość liczbowa";"2023";14,1;"%";"";
3200000;"ZACHODNIOPOMORSKIE";"3 kwartał";"gimnazjalne, podstawowe i niższe";"wartość liczbowa";"2024";12,1;"%";"";
3200000;"ZACHODNIOPOMORSKIE";"4 kwartał";"wyższe";"wartość liczbowa";"2015";22,1;"%";"";
3200000;"ZACHODNIOPOMORSKIE";"4 kwartał";"wyższe";"wartość liczbowa";"2016";23,3;"%";"";
3200000;"ZACHODNIOPOMORSKIE";"4 kwartał";"wyższe";"wartość liczbowa";"2017";23,9;"%";"";
3200000;"ZACHODNIOPOMORSKIE";"4 kwartał";"wyższe";"wartość liczbowa";"2018";24,0;"%";"";
3200000;"ZACHODNIOPOMORSKIE";"4 kwartał";"wyższe";"wartość liczbowa";"2019";24,0;"%";"";
3200000;"ZACHODNIOPOMORSKIE";"4 kwartał";"wyższe";"wartość liczbowa";"2020";26,2;"%";"";
3200000;"ZACHODNIOPOMORSKIE";"4 kwartał";"wyższe";"wartość liczbowa";"2021";25,7;"%";"";
3200000;"ZACHODNIOPOMORSKIE";"4 kwartał";"wyższe";"wartość liczbowa";"2022";29,5;"%";"";
3200000;"ZACHODNIOPOMORSKIE";"4 kwartał";"wyższe";"wartość liczbowa";"2023";32,3;"%";"";
3200000;"ZACHODNIOPOMORSKIE";"4 kwartał";"wyższe";"wartość liczbowa";"2024";33,9;"%";"";
3200000;"ZACHODNIOPOMORSKIE";"4 kwartał";"policealne oraz średnie zawodowe/branżowe";"wartość liczbowa";"2015";22,7;"%";"";
3200000;"ZACHODNIOPOMORSKIE";"4 kwartał";"policealne oraz średnie zawodowe/branżowe";"wartość liczbowa";"2016";21,8;"%";"";
3200000;"ZACHODNIOPOMORSKIE";"4 kwartał";"policealne oraz średnie zawodowe/branżowe";"wartość liczbowa";"2017";23,4;"%";"";
3200000;"ZACHODNIOPOMORSKIE";"4 kwartał";"policealne oraz średnie zawodowe/branżowe";"wartość liczbowa";"2018";25,0;"%";"";
3200000;"ZACHODNIOPOMORSKIE";"4 kwartał";"policealne oraz średnie zawodowe/branżowe";"wartość liczbowa";"2019";24,1;"%";"";
3200000;"ZACHODNIOPOMORSKIE";"4 kwartał";"policealne oraz średnie zawodowe/branżowe";"wartość liczbowa";"2020";23,7;"%";"";
3200000;"ZACHODNIOPOMORSKIE";"4 kwartał";"policealne oraz średnie zawodowe/branżowe";"wartość liczbowa";"2021";22,4;"%";"";
3200000;"ZACHODNIOPOMORSKIE";"4 kwartał";"policealne oraz średnie zawodowe/branżowe";"wartość liczbowa";"2022";21,8;"%";"";
3200000;"ZACHODNIOPOMORSKIE";"4 kwartał";"policealne oraz średnie zawodowe/branżowe";"wartość liczbowa";"2023";22,2;"%";"";
3200000;"ZACHODNIOPOMORSKIE";"4 kwartał";"policealne oraz średnie zawodowe/branżowe";"wartość liczbowa";"2024";19,9;"%";"";
3200000;"ZACHODNIOPOMORSKIE";"4 kwartał";"średnie ogólnokształcące";"wartość liczbowa";"2015";12,1;"%";"";
3200000;"ZACHODNIOPOMORSKIE";"4 kwartał";"średnie ogólnokształcące";"wartość liczbowa";"2016";11,9;"%";"";
3200000;"ZACHODNIOPOMORSKIE";"4 kwartał";"średnie ogólnokształcące";"wartość liczbowa";"2017";13,1;"%";"";
3200000;"ZACHODNIOPOMORSKIE";"4 kwartał";"średnie ogólnokształcące";"wartość liczbowa";"2018";11,8;"%";"";
3200000;"ZACHODNIOPOMORSKIE";"4 kwartał";"średnie ogólnokształcące";"wartość liczbowa";"2019";13,2;"%";"";
3200000;"ZACHODNIOPOMORSKIE";"4 kwartał";"średnie ogólnokształcące";"wartość liczbowa";"2020";12,1;"%";"";
3200000;"ZACHODNIOPOMORSKIE";"4 kwartał";"średnie ogólnokształcące";"wartość liczbowa";"2021";14,1;"%";"";
3200000;"ZACHODNIOPOMORSKIE";"4 kwartał";"średnie ogólnokształcące";"wartość liczbowa";"2022";12,5;"%";"";
3200000;"ZACHODNIOPOMORSKIE";"4 kwartał";"średnie ogólnokształcące";"wartość liczbowa";"2023";13,3;"%";"";
3200000;"ZACHODNIOPOMORSKIE";"4 kwartał";"średnie ogólnokształcące";"wartość liczbowa";"2024";14,6;"%";"";
3200000;"ZACHODNIOPOMORSKIE";"4 kwartał";"zasadnicze zawodowe/branżowe";"wartość liczbowa";"2015";26,0;"%";"";
3200000;"ZACHODNIOPOMORSKIE";"4 kwartał";"zasadnicze zawodowe/branżowe";"wartość liczbowa";"2016";25,4;"%";"";
3200000;"ZACHODNIOPOMORSKIE";"4 kwartał";"zasadnicze zawodowe/branżowe";"wartość liczbowa";"2017";24,2;"%";"";
3200000;"ZACHODNIOPOMORSKIE";"4 kwartał";"zasadnicze zawodowe/branżowe";"wartość liczbowa";"2018";24,2;"%";"";
3200000;"ZACHODNIOPOMORSKIE";"4 kwartał";"zasadnicze zawodowe/branżowe";"wartość liczbowa";"2019";22,5;"%";"";
3200000;"ZACHODNIOPOMORSKIE";"4 kwartał";"zasadnicze zawodowe/branżowe";"wartość liczbowa";"2020";22,9;"%";"";
3200000;"ZACHODNIOPOMORSKIE";"4 kwartał";"zasadnicze zawodowe/branżowe";"wartość liczbowa";"2021";24,5;"%";"";
3200000;"ZACHODNIOPOMORSKIE";"4 kwartał";"zasadnicze zawodowe/branżowe";"wartość liczbowa";"2022";21,8;"%";"";
3200000;"ZACHODNIOPOMORSKIE";"4 kwartał";"zasadnicze zawodowe/branżowe";"wartość liczbowa";"2023";19,6;"%";"";
3200000;"ZACHODNIOPOMORSKIE";"4 kwartał";"zasadnicze zawodowe/branżowe";"wartość liczbowa";"2024";18,3;"%";"";
3200000;"ZACHODNIOPOMORSKIE";"4 kwartał";"gimnazjalne, podstawowe i niższe";"wartość liczbowa";"2015";17,1;"%";"";
3200000;"ZACHODNIOPOMORSKIE";"4 kwartał";"gimnazjalne, podstawowe i niższe";"wartość liczbowa";"2016";17,6;"%";"";
3200000;"ZACHODNIOPOMORSKIE";"4 kwartał";"gimnazjalne, podstawowe i niższe";"wartość liczbowa";"2017";15,5;"%";"";
3200000;"ZACHODNIOPOMORSKIE";"4 kwartał";"gimnazjalne, podstawowe i niższe";"wartość liczbowa";"2018";15,0;"%";"";
3200000;"ZACHODNIOPOMORSKIE";"4 kwartał";"gimnazjalne, podstawowe i niższe";"wartość liczbowa";"2019";16,2;"%";"";
3200000;"ZACHODNIOPOMORSKIE";"4 kwartał";"gimnazjalne, podstawowe i niższe";"wartość liczbowa";"2020";15,0;"%";"";
3200000;"ZACHODNIOPOMORSKIE";"4 kwartał";"gimnazjalne, podstawowe i niższe";"wartość liczbowa";"2021";13,3;"%";"";
3200000;"ZACHODNIOPOMORSKIE";"4 kwartał";"gimnazjalne, podstawowe i niższe";"wartość liczbowa";"2022";14,4;"%";"";
3200000;"ZACHODNIOPOMORSKIE";"4 kwartał";"gimnazjalne, podstawowe i niższe";"wartość liczbowa";"2023";12,5;"%";"";
3200000;"ZACHODNIOPOMORSKIE";"4 kwartał";"gimnazjalne, podstawowe i niższe";"wartość liczbowa";"2024";13,3;"%";"";
